Date,Price,Open,High,Low,Vol.,Change %
1/1/2018,"13,567.50","13,567.50","13,567.50","13,567.50",,0.00%
1/2/2018,"13,517.50","13,537.50","13,555.50","13,514.50",,-0.37%
1/3/2018,"13,478.00","13,500.00","13,509.00","13,476.00",,-0.29%
1/4/2018,"13,423.50","13,466.50","13,481.50","13,411.50",,-0.40%
1/5/2018,"13,415.50","13,413.50","13,435.50","13,392.50",,-0.06%
1/8/2018,"13,426.50","13,405.50","13,426.50","13,390.50",,0.08%
1/9/2018,"13,437.50","13,429.50","13,440.50","13,407.50",,0.08%
1/10/2018,"13,436.50","13,435.50","13,455.50","13,427.50",,-0.01%
1/11/2018,"13,399.50","13,428.50","13,430.50","13,399.50",,-0.28%
1/12/2018,"13,353.50","13,368.50","13,371.50","13,353.50",,-0.34%
1/15/2018,"13,334.50","13,325.50","13,338.50","13,315.50",,-0.14%
1/16/2018,"13,337.50","13,330.50","13,340.50","13,325.50",,0.02%
1/17/2018,"13,357.50","13,317.50","13,362.50","13,317.50",,0.15%
1/18/2018,"13,346.00","13,361.00","13,371.00","13,341.00",,-0.09%
1/19/2018,"13,313.50","13,338.50","13,343.50","13,286.50",,-0.24%
1/22/2018,"13,347.50","13,320.50","13,350.50","13,320.50",,0.26%
1/23/2018,"13,325.00","13,335.00","13,336.00","13,310.00",,-0.17%
1/24/2018,"13,313.50","13,317.50","13,330.50","13,309.50",,-0.09%
1/25/2018,"13,288.50","13,291.50","13,296.50","13,266.50",,-0.19%
1/26/2018,"13,307.00","13,296.00","13,311.00","13,296.00",,0.14%
1/29/2018,"13,363.50","13,311.50","13,363.50","13,311.50",,0.42%
1/30/2018,"13,432.50","13,382.50","13,442.50","13,382.50",,0.52%
1/31/2018,"13,388.50","13,421.50","13,426.50","13,376.50",,-0.33%
2/1/2018,"13,427.00","13,387.00","13,432.00","13,387.00",,0.29%
2/2/2018,"13,451.50","13,413.50","13,453.50","13,413.50",,0.18%
2/5/2018,"13,525.00","13,495.00","13,530.00","13,495.00",,0.55%
2/6/2018,"13,552.50","13,567.50","13,607.50","13,552.50",,0.20%
2/7/2018,"13,553.00","13,526.00","13,561.00","13,523.00",,0.00%
2/8/2018,"13,605.00","13,605.00","13,627.00","13,595.00",,0.38%
2/9/2018,"13,627.50","13,642.50","13,650.50","13,617.50",,0.17%
2/12/2018,"13,657.50","13,607.50","13,657.50","13,597.50",,0.22%
2/13/2018,"13,657.50","13,632.50","13,657.50","13,632.50",,0.00%
2/14/2018,"13,628.50","13,647.50","13,662.50","13,612.50",,-0.21%
2/15/2018,"13,558.50","13,591.50","13,591.50","13,541.50",,-0.51%
2/16/2018,"13,558.50","13,558.50","13,558.50","13,558.50",,0.00%
2/19/2018,"13,560.50","13,552.50","13,562.50","13,532.50",,0.01%
2/20/2018,"13,612.50","13,562.50","13,615.50","13,562.50",,0.38%
2/21/2018,"13,618.50","13,575.50","13,618.50","13,570.50",,0.04%
2/22/2018,"13,682.50","13,652.50","13,690.50","13,652.50",,0.47%
2/23/2018,"13,667.50","13,667.50","13,684.50","13,662.50",,-0.11%
2/26/2018,"13,660.00","13,660.00","13,665.00","13,645.00",,-0.05%
2/27/2018,"13,675.00","13,652.00","13,685.00","13,650.00",,0.11%
2/28/2018,"13,745.00","13,705.00","13,755.00","13,705.00",,0.51%
3/1/2018,"13,747.50","13,782.50","13,802.50","13,742.50",,0.02%
3/2/2018,"13,757.50","13,722.50","13,762.50","13,722.50",,0.07%
3/5/2018,"13,762.50","13,737.50","13,775.50","13,737.50",,0.04%
3/6/2018,"13,775.00","13,750.00","13,785.00","13,745.00",,0.09%
3/7/2018,"13,766.00","13,754.00","13,776.00","13,754.00",,-0.07%
3/8/2018,"13,785.00","13,760.00","13,785.00","13,760.00",,0.14%
3/9/2018,"13,781.00","13,794.00","13,799.00","13,774.00",,-0.03%
3/12/2018,"13,770.00","13,770.00","13,780.00","13,770.00",,-0.08%
3/13/2018,"13,750.50","13,764.50","13,764.50","13,749.50",,-0.14%
3/14/2018,"13,736.50","13,741.50","13,742.50","13,726.50",,-0.10%
3/15/2018,"13,747.50","13,737.50","13,752.50","13,737.50",,0.08%
3/16/2018,"13,749.00","13,764.00","13,770.00","13,744.00",,0.01%
3/19/2018,"13,764.50","13,765.50","13,765.50","13,755.50",,0.11%
3/20/2018,"13,750.00","13,766.00","13,768.00","13,750.00",,-0.11%
3/21/2018,"13,762.50","13,757.50","13,766.50","13,752.50",,0.09%
3/22/2018,"13,752.50","13,727.50","13,753.50","13,727.50",,-0.07%
3/23/2018,"13,782.50","13,762.50","13,796.50","13,762.50",,0.22%
3/26/2018,"13,740.00","13,780.00","13,785.00","13,740.00",,-0.31%
3/27/2018,"13,742.00","13,717.00","13,747.00","13,697.00",,0.01%
3/28/2018,"13,763.00","13,748.00","13,768.00","13,733.00",,0.15%
3/29/2018,"13,765.00","13,767.00","13,775.00","13,749.00",,0.01%
3/30/2018,"13,765.00","13,765.00","13,765.00","13,765.00",,0.00%
4/2/2018,"13,754.00","13,741.00","13,761.00","13,741.00",,-0.08%
4/3/2018,"13,764.50","13,761.50","13,767.50","13,751.50",,0.08%
4/4/2018,"13,766.50","13,763.50","13,768.50","13,753.50",,0.01%
4/5/2018,"13,766.50","13,762.50","13,772.50","13,762.50",,0.00%
4/6/2018,"13,773.50","13,773.50","13,783.50","13,773.50",,0.05%
4/9/2018,"13,764.50","13,764.50","13,775.50","13,759.50",,-0.07%
4/10/2018,"13,749.00","13,761.00","13,762.00","13,736.00",,-0.11%
4/11/2018,"13,758.50","13,744.50","13,761.50","13,741.50",,0.07%
4/12/2018,"13,769.50","13,755.50","13,770.50","13,750.50",,0.08%
4/13/2018,"13,752.50","13,742.50","13,760.50","13,740.50",,-0.12%
4/16/2018,"13,774.50","13,752.50","13,779.50","13,752.50",,0.16%
4/17/2018,"13,766.00","13,761.00","13,773.00","13,751.00",,-0.06%
4/18/2018,"13,774.50","13,766.50","13,776.50","13,766.50",,0.06%
4/19/2018,"13,781.00","13,771.00","13,785.00","13,769.00",,0.05%
4/20/2018,"13,877.50","13,792.50","13,877.50","13,787.50",,0.70%
4/23/2018,"13,895.00","13,900.00","13,900.00","13,894.00",,0.13%
4/24/2018,"13,887.50","13,897.50","13,901.50","13,882.50",,-0.05%
4/25/2018,"13,920.00","13,877.00","13,925.00","13,875.00",,0.23%
4/26/2018,"13,887.50","13,912.50","13,932.50","13,881.50",,-0.23%
4/27/2018,"13,890.00","13,875.00","13,901.00","13,874.00",,0.02%
4/30/2018,"13,912.50","13,862.50","13,912.50","13,862.50",,0.16%
5/1/2018,"13,912.50","13,912.50","13,912.50","13,912.50",,0.00%
5/2/2018,"13,945.00","13,920.00","13,965.00","13,920.00",,0.23%
5/3/2018,"13,937.50","13,952.50","13,975.50","13,936.50",,-0.05%
5/4/2018,"13,940.00","13,930.00","13,952.00","13,930.00",,0.02%
5/7/2018,"14,000.00","13,940.00","14,005.00","13,940.00",,0.43%
5/8/2018,"14,050.00","14,000.00","14,055.00","14,000.00",,0.36%
5/9/2018,"14,080.00","14,060.00","14,090.00","14,060.00",,0.21%
5/10/2018,"14,080.00","14,080.00","14,080.00","14,080.00",,0.00%
5/11/2018,"13,950.00","14,075.00","14,075.00","13,950.00",,-0.92%
5/14/2018,"13,970.00","13,955.00","13,990.00","13,945.00",,0.14%
5/15/2018,"14,037.00","13,984.00","14,040.00","13,984.00",,0.48%
5/16/2018,"14,093.00","14,070.00","14,115.00","14,070.00",,0.40%
5/17/2018,"14,052.00","14,065.00","14,082.00","14,045.00",,-0.29%
5/18/2018,"14,152.50","14,042.50","14,157.50","14,042.50",,0.72%
5/21/2018,"14,185.00","14,155.00","14,205.00","14,155.00",,0.23%
5/22/2018,"14,138.00","14,155.00","14,192.00","14,125.00",,-0.33%
5/23/2018,"14,207.00","14,155.00","14,215.00","14,155.00",,0.49%
5/24/2018,"14,135.00","14,180.00","14,215.00","14,130.00",,-0.51%
5/25/2018,"14,120.00","14,145.00","14,175.00","14,120.00",,-0.11%
5/28/2018,"13,990.00","14,085.00","14,085.00","13,975.00",,-0.92%
5/29/2018,"13,990.00","13,990.00","13,990.00","13,990.00",,0.00%
5/30/2018,"13,990.00","14,025.00","14,045.00","13,970.00",,0.00%
5/31/2018,"13,895.00","13,945.00","13,961.00","13,875.00",,-0.68%
6/1/2018,"13,895.00","13,895.00","13,895.00","13,895.00",,0.00%
6/4/2018,"13,872.00","13,855.00","13,901.00","13,850.00",,-0.17%
6/5/2018,"13,879.00","13,865.00","13,900.00","13,865.00",,0.05%
6/6/2018,"13,852.50","13,882.50","13,885.50","13,832.50",,-0.19%
6/7/2018,"13,870.00","13,860.00","13,887.00","13,850.00",,0.13%
6/8/2018,"13,930.00","13,906.00","13,947.00","13,895.00",,0.43%
6/11/2018,"13,930.00","13,930.00","13,930.00","13,930.00",,0.00%
6/12/2018,"13,930.00","13,930.00","13,930.00","13,930.00",,0.00%
6/13/2018,"13,930.00","13,930.00","13,930.00","13,930.00",,0.00%
6/14/2018,"13,930.00","13,930.00","13,930.00","13,930.00",,0.00%
6/15/2018,"13,930.00","13,930.00","13,930.00","13,930.00",,0.00%
6/18/2018,"13,930.00","13,930.00","13,930.00","13,930.00",,0.00%
6/19/2018,"13,930.00","13,930.00","13,930.00","13,930.00",,0.00%
6/20/2018,"13,930.00","13,930.00","13,930.00","13,930.00",,0.00%
6/21/2018,"14,103.00","13,975.00","14,111.00","13,975.00",,1.24%
6/22/2018,"14,080.00","14,095.00","14,110.00","14,058.00",,-0.16%
6/25/2018,"14,155.00","14,103.00","14,165.00","14,103.00",,0.53%
6/26/2018,"14,178.00","14,130.00","14,185.00","14,130.00",,0.16%
6/27/2018,"14,178.00","14,178.00","14,178.00","14,178.00",,0.00%
6/28/2018,"14,390.00","14,220.00","14,400.00","14,195.00",,1.50%
6/29/2018,"14,330.00","14,365.00","14,415.00","14,305.00",,-0.42%
7/2/2018,"14,380.00","14,255.00","14,410.00","14,255.00",,0.35%
7/3/2018,"14,380.00","14,370.00","14,460.00","14,370.00",,0.00%
7/4/2018,"14,352.00","14,330.00","14,370.00","14,310.00",,-0.19%
7/5/2018,"14,385.00","14,365.00","14,425.00","14,365.00",,0.23%
7/6/2018,"14,370.00","14,375.00","14,422.00","14,358.00",,-0.10%
7/9/2018,"14,325.00","14,330.00","14,345.00","14,320.00",,-0.31%
7/10/2018,"14,360.00","14,305.00","14,375.00","14,305.00",,0.24%
7/11/2018,"14,385.00","14,375.00","14,395.00","14,375.00",,0.17%
7/12/2018,"14,380.00","14,405.00","14,445.00","14,380.00",,-0.03%
7/13/2018,"14,380.00","14,340.00","14,386.00","14,340.00",,0.00%
7/16/2018,"14,375.00","14,390.00","14,420.00","14,375.00",,-0.03%
7/17/2018,"14,370.00","14,385.00","14,400.00","14,362.00",,-0.03%
7/18/2018,"14,405.00","14,390.00","14,422.00","14,390.00",,0.24%
7/19/2018,"14,475.00","14,405.00","14,480.00","14,405.00",,0.49%
7/20/2018,"14,480.00","14,485.00","14,545.00","14,475.00",,0.03%
7/23/2018,"14,490.00","14,430.00","14,498.00","14,425.00",,0.07%
7/24/2018,"14,530.00","14,510.00","14,565.00","14,510.00",,0.28%
7/25/2018,"14,460.00","14,500.00","14,530.00","14,460.00",,-0.48%
7/26/2018,"14,460.00","14,425.00","14,475.00","14,415.00",,0.00%
7/27/2018,"14,417.50","14,457.50","14,492.50","14,372.50",,-0.29%
7/30/2018,"14,410.00","14,385.00","14,420.00","14,385.00",,-0.05%
7/31/2018,"14,420.00","14,405.00","14,427.00","14,402.00",,0.07%
8/1/2018,"14,440.00","14,430.00","14,455.00","14,430.00",,0.14%
8/2/2018,"14,475.00","14,440.00","14,480.00","14,440.00",,0.24%
8/3/2018,"14,492.50","14,487.50","14,517.50","14,487.50",,0.12%
8/6/2018,"14,470.00","14,495.00","14,495.00","14,465.00",,-0.16%
8/7/2018,"14,440.00","14,486.00","14,493.00","14,434.00",,-0.21%
8/8/2018,"14,435.00","14,438.00","14,450.00","14,430.00",,-0.03%
8/9/2018,"14,410.00","14,430.00","14,440.00","14,395.00",,-0.17%
8/10/2018,"14,475.00","14,425.00","14,482.00","14,425.00",,0.45%
8/13/2018,"14,595.00","14,495.00","14,630.00","14,495.00",,0.83%
8/14/2018,"14,580.00","14,602.00","14,635.00","14,575.00",,-0.10%
8/15/2018,"14,600.00","14,600.00","14,651.00","14,570.00",,0.14%
8/16/2018,"14,610.00","14,635.00","14,635.00","14,580.00",,0.07%
8/17/2018,"14,610.00","14,610.00","14,610.00","14,610.00",,0.00%
8/20/2018,"14,590.00","14,560.00","14,595.00","14,555.00",,-0.14%
8/21/2018,"14,580.00","14,550.00","14,590.00","14,550.00",,-0.07%
8/22/2018,"14,580.00","14,580.00","14,580.00","14,580.00",,0.00%
8/23/2018,"14,630.00","14,600.00","14,642.00","14,600.00",,0.34%
8/24/2018,"14,642.00","14,650.00","14,665.00","14,640.00",,0.08%
8/27/2018,"14,620.00","14,605.00","14,630.00","14,585.00",,-0.15%
8/28/2018,"14,622.00","14,585.00","14,630.00","14,585.00",,0.01%
8/29/2018,"14,655.00","14,625.00","14,658.00","14,625.00",,0.23%
8/30/2018,"14,690.00","14,655.00","14,690.00","14,650.00",,0.24%
8/31/2018,"14,730.00","14,715.00","14,735.00","14,715.00",,0.27%
9/3/2018,"14,815.00","14,740.00","14,830.00","14,740.00",,0.58%
9/4/2018,"14,935.00","14,820.00","14,945.00","14,820.00",,0.81%
9/5/2018,"14,935.00","14,930.00","14,945.00","14,929.00",,0.00%
9/6/2018,"14,890.00","14,905.00","14,910.00","14,854.00",,-0.30%
9/7/2018,"14,820.00","14,870.00","14,904.00","14,820.00",,-0.47%
9/10/2018,"14,857.00","14,825.00","14,880.00","14,820.00",,0.25%
9/11/2018,"14,857.00","14,857.00","14,857.00","14,857.00",,0.00%
9/12/2018,"14,825.00","14,825.00","14,890.00","14,825.00",,-0.22%
9/13/2018,"14,840.00","14,805.00","14,847.00","14,775.00",,0.10%
9/14/2018,"14,805.00","14,785.00","14,845.00","14,775.00",,-0.24%
9/17/2018,"14,877.50","14,837.50","14,917.50","14,837.50",,0.49%
9/18/2018,"14,855.00","14,890.00","14,935.00","14,855.00",,-0.15%
9/19/2018,"14,875.00","14,855.00","14,910.00","14,855.00",,0.13%
9/20/2018,"14,845.00","14,825.00","14,856.00","14,815.00",,-0.20%
9/21/2018,"14,819.00","14,813.00","14,838.00","14,793.00",,-0.18%
9/24/2018,"14,867.50","14,832.50","14,885.50","14,832.50",,0.33%
9/25/2018,"14,920.00","14,870.00","14,920.00","14,870.00",,0.35%
9/26/2018,"14,905.00","14,930.00","14,945.00","14,905.00",,-0.10%
9/27/2018,"14,917.00","14,915.00","14,930.00","14,885.00",,0.08%
9/28/2018,"14,901.50","14,931.50","14,936.50","14,886.50",,-0.10%
10/1/2018,"14,910.00","14,885.00","14,915.00","14,885.00",,0.06%
10/2/2018,"15,045.00","14,915.00","15,053.00","14,915.00",,0.91%
10/3/2018,"15,075.00","15,050.00","15,095.00","15,050.00",,0.20%
10/4/2018,"15,170.00","15,100.00","15,195.00","15,100.00",,0.63%
10/5/2018,"15,180.00","15,183.00","15,193.00","15,160.00",,0.07%
10/8/2018,"15,217.50","15,186.50","15,260.50","15,186.50",,0.25%
10/9/2018,"15,230.00","15,210.00","15,258.00","15,210.00",,0.08%
10/10/2018,"15,203.00","15,185.00","15,230.00","15,180.00",,-0.18%
10/11/2018,"15,235.00","15,215.00","15,270.00","15,215.00",,0.21%
10/12/2018,"15,205.00","15,205.00","15,205.00","15,180.00",,-0.20%
10/15/2018,"15,210.00","15,210.00","15,260.00","15,190.00",,0.03%
10/16/2018,"15,200.00","15,185.00","15,230.00","15,175.00",,-0.07%
10/17/2018,"15,155.00","15,155.00","15,195.00","15,145.00",,-0.30%
10/18/2018,"15,193.50","15,161.50","15,196.50","15,161.50",,0.25%
10/19/2018,"15,187.50","15,197.50","15,222.50","15,177.50",,-0.04%
10/22/2018,"15,185.00","15,185.00","15,200.00","15,180.00",,-0.02%
10/23/2018,"15,190.00","15,190.00","15,217.00","15,190.00",,0.03%
10/24/2018,"15,197.00","15,182.00","15,199.00","15,177.00",,0.05%
10/25/2018,"15,187.50","15,202.50","15,212.50","15,182.50",,-0.06%
10/26/2018,"15,216.50","15,186.50","15,216.50","15,185.50",,0.19%
10/29/2018,"15,220.00","15,205.00","15,230.00","15,205.00",,0.02%
10/30/2018,"15,223.00","15,221.00","15,241.00","15,216.00",,0.02%
10/31/2018,"15,202.50","15,217.50","15,233.50","15,197.50",,-0.13%
11/1/2018,"15,127.50","15,182.50","15,200.50","15,116.50",,-0.49%
11/2/2018,"14,952.50","15,087.50","15,097.50","14,942.50",,-1.16%
11/5/2018,"14,976.00","14,951.00","14,988.00","14,951.00",,0.16%
11/6/2018,"14,802.50","14,952.50","14,952.50","14,782.50",,-1.16%
11/7/2018,"14,580.00","14,775.00","14,805.00","14,580.00",,-1.50%
11/8/2018,"14,540.00","14,601.00","14,670.00","14,455.00",,-0.27%
11/9/2018,"14,685.00","14,605.00","14,695.00","14,605.00",,1.00%
11/12/2018,"14,815.00","14,705.00","14,835.00","14,705.00",,0.89%
11/13/2018,"14,810.00","14,840.00","14,935.00","14,755.00",,-0.03%
11/14/2018,"14,787.00","14,802.00","14,802.00","14,732.00",,-0.16%
11/15/2018,"14,677.50","14,742.50","14,777.50","14,632.50",,-0.74%
11/16/2018,"14,611.50","14,603.50","14,613.50","14,533.50",,-0.45%
11/19/2018,"14,590.00","14,520.00","14,625.00","14,520.00",,-0.15%
11/20/2018,"14,590.00","14,590.00","14,590.00","14,590.00",,0.00%
11/21/2018,"14,605.00","14,615.00","14,645.00","14,565.00",,0.10%
11/22/2018,"14,577.50","14,597.50","14,607.50","14,567.50",,-0.19%
11/23/2018,"14,540.00","14,555.00","14,562.00","14,505.00",,-0.26%
11/26/2018,"14,475.00","14,540.00","14,565.00","14,455.00",,-0.45%
11/27/2018,"14,513.50","14,488.50","14,518.50","14,478.50",,0.27%
11/28/2018,"14,527.50","14,513.50","14,542.50","14,509.50",,0.10%
11/29/2018,"14,382.50","14,462.50","14,462.50","14,332.50",,-1.00%
11/30/2018,"14,302.50","14,302.50","14,352.50","14,252.50",,-0.56%
12/3/2018,"14,240.00","14,255.00","14,270.00","14,210.00",,-0.44%
12/4/2018,"14,290.00","14,305.00","14,325.00","14,265.00",,0.35%
12/5/2018,"14,395.00","14,355.00","14,430.00","14,354.00",,0.73%
12/6/2018,"14,520.00","14,435.00","14,570.00","14,435.00",,0.87%
12/7/2018,"14,470.00","14,495.00","14,536.00","14,455.00",,-0.34%
12/10/2018,"14,555.00","14,475.00","14,555.00","14,475.00",,0.59%
12/11/2018,"14,600.00","14,585.00","14,655.00","14,585.00",,0.31%
12/12/2018,"14,597.50","14,562.50","14,602.50","14,552.50",,-0.02%
12/13/2018,"14,497.50","14,527.50","14,557.50","14,479.50",,-0.69%
12/14/2018,"14,585.00","14,505.00","14,585.00","14,505.00",,0.60%
12/17/2018,"14,575.00","14,585.00","14,630.00","14,574.00",,-0.07%
12/18/2018,"14,500.00","14,555.00","14,560.00","14,480.00",,-0.51%
12/19/2018,"14,442.50","14,437.50","14,442.50","14,337.50",,-0.40%
12/20/2018,"14,470.00","14,465.00","14,520.00","14,455.00",,0.19%
12/21/2018,"14,555.00","14,480.00","14,560.00","14,454.00",,0.59%
12/24/2018,"14,555.00","14,555.00","14,555.00","14,555.00",,0.00%
12/25/2018,"14,555.00","14,555.00","14,555.00","14,555.00",,0.00%
12/26/2018,"14,575.00","14,580.00","14,610.00","14,565.00",,0.14%
12/27/2018,"14,560.00","14,555.00","14,595.00","14,555.00",,-0.10%
12/28/2018,"14,560.00","14,560.00","14,575.00","14,535.00",,0.00%
12/31/2018,"14,380.00","14,485.00","14,496.00","14,380.00",,-1.24%
1/1/2019,"14,380.00","14,380.00","14,380.00","14,380.00",,0.00%
1/2/2019,"14,450.00","14,425.00","14,485.00","14,425.00",0.09K,0.49%
1/3/2019,"14,410.00","14,445.00","14,490.00","14,410.00",0.08K,-0.28%
1/4/2019,"14,270.00","14,380.00","14,380.00","14,255.00",0.12K,-0.97%
1/7/2019,"14,090.00","14,190.00","14,190.00","13,995.00",0.22K,-1.26%
1/8/2019,"14,145.00","14,050.00","14,162.00","13,995.00",0.19K,0.39%
1/9/2019,"14,125.00","14,105.00","14,180.00","14,085.00",0.24K,-0.14%
1/10/2019,"14,055.00","14,055.00","14,110.00","14,005.00",0.19K,-0.50%
1/11/2019,"14,045.00","14,065.00","14,095.00","14,015.00",0.04K,-0.07%
1/14/2019,"14,124.00","14,034.00","14,144.00","14,034.00",0.05K,0.56%
1/15/2019,"14,092.50","14,087.50","14,107.50","14,062.50",0.06K,-0.22%
1/16/2019,"14,122.50","14,112.50","14,162.50","14,107.50",0.07K,0.21%
1/17/2019,"14,180.00","14,120.00","14,200.00","14,120.00",0.10K,0.41%
1/18/2019,"14,175.00","14,185.00","14,200.00","14,155.00",0.14K,-0.04%
1/21/2019,"14,222.50","14,182.50","14,232.50","14,182.50",0.09K,0.34%
1/22/2019,"14,215.00","14,210.00","14,230.00","14,185.00",0.11K,-0.05%
1/23/2019,"14,180.00","14,195.00","14,200.00","14,165.00",0.14K,-0.25%
1/24/2019,"14,165.00","14,135.00","14,175.00","14,120.00",0.07K,-0.11%
1/25/2019,"14,085.00","14,155.00","14,170.00","14,084.00",0.15K,-0.56%
1/28/2019,"14,070.00","14,065.00","14,075.00","14,025.00",0.09K,-0.11%
1/29/2019,"14,095.00","14,070.00","14,097.00","14,070.00",0.06K,0.18%
1/30/2019,"14,130.00","14,097.00","14,132.00","14,085.00",0.06K,0.25%
1/31/2019,"13,972.50","14,132.50","14,132.50","13,957.50",0.15K,-1.11%
2/1/2019,"13,940.00","13,945.00","13,985.00","13,940.00",0.16K,-0.23%
2/4/2019,"13,955.00","13,950.00","13,995.00","13,940.00",0.10K,0.11%
2/5/2019,"13,955.00","13,955.00","13,955.00","13,955.00",,0.00%
2/6/2019,"13,922.00","13,950.00","13,950.00","13,890.00",0.15K,-0.24%
2/7/2019,"13,972.50","13,927.50","13,987.50","13,927.50",0.07K,0.36%
2/8/2019,"13,965.00","13,975.00","14,000.00","13,948.00",0.16K,-0.05%
2/11/2019,"14,040.00","13,985.00","14,050.00","13,985.00",0.11K,0.54%
2/12/2019,"14,068.50","14,083.50","14,098.50","14,033.50",0.12K,0.20%
2/13/2019,"14,057.50","14,027.50","14,057.50","14,007.50",0.15K,-0.08%
2/14/2019,"14,090.00","14,065.00","14,100.00","14,065.00",0.10K,0.23%
2/15/2019,"14,142.50","14,092.50","14,157.50","14,092.50",0.06K,0.37%
2/18/2019,"14,106.50","14,101.50","14,116.50","14,076.50",0.06K,-0.25%
2/19/2019,"14,102.00","14,105.00","14,130.00","14,102.00",0.15K,-0.03%
2/20/2019,"14,040.00","14,080.00","14,080.00","14,040.00",0.17K,-0.44%
2/21/2019,"14,063.00","14,040.00","14,075.00","14,040.00",0.14K,0.16%
2/22/2019,"14,057.50","14,067.50","14,082.50","14,049.50",0.13K,-0.04%
2/25/2019,"14,017.50","13,987.50","14,022.50","13,987.50",0.15K,-0.28%
2/26/2019,"13,991.00","13,963.00","14,003.00","13,963.00",0.15K,-0.19%
2/27/2019,"14,030.00","13,985.00","14,045.00","13,980.00",0.19K,0.28%
2/28/2019,"14,065.00","14,030.00","14,083.00","14,030.00",0.14K,0.25%
3/1/2019,"14,115.00","14,102.00","14,135.00","14,102.00",0.10K,0.36%
3/4/2019,"14,130.00","14,120.00","14,155.00","14,115.00",0.10K,0.11%
3/5/2019,"14,120.00","14,125.00","14,155.00","14,120.00",0.12K,-0.07%
3/6/2019,"14,140.00","14,125.00","14,155.00","14,120.00",0.09K,0.14%
3/7/2019,"14,140.00","14,140.00","14,140.00","14,140.00",,0.00%
3/8/2019,"14,310.00","14,200.00","14,340.00","14,200.00",0.10K,1.20%
3/11/2019,"14,290.00","14,310.00","14,338.00","14,275.00",0.16K,-0.14%
3/12/2019,"14,265.00","14,245.00","14,280.00","14,235.00",0.09K,-0.17%
3/13/2019,"14,265.00","14,245.00","14,286.00","14,245.00",0.05K,0.00%
3/14/2019,"14,267.00","14,235.00","14,284.00","14,235.00",0.10K,0.01%
3/15/2019,"14,259.00","14,284.00","14,314.00","14,259.00",0.12K,-0.06%
3/18/2019,"14,237.50","14,232.50","14,247.50","14,212.50",0.11K,-0.15%
3/19/2019,"14,230.00","14,215.00","14,240.00","14,215.00",0.16K,-0.05%
3/20/2019,"14,185.00","14,215.00","14,235.00","14,180.00",0.14K,-0.32%
3/21/2019,"14,140.00","14,105.00","14,145.00","14,084.00",0.11K,-0.32%
3/22/2019,"14,165.00","14,135.00","14,170.00","14,135.00",0.10K,0.18%
3/25/2019,"14,180.00","14,195.00","14,230.00","14,179.00",0.11K,0.11%
3/26/2019,"14,170.00","14,195.00","14,195.00","14,155.00",0.13K,-0.07%
3/27/2019,"14,195.00","14,175.00","14,225.00","14,175.00",0.10K,0.18%
3/28/2019,"14,242.00","14,220.00","14,260.00","14,215.00",0.07K,0.33%
3/29/2019,"14,240.00","14,245.00","14,250.00","14,220.00",0.11K,-0.01%
4/1/2019,"14,225.00","14,225.00","14,246.00","14,220.00",0.07K,-0.11%
4/2/2019,"14,220.00","14,220.00","14,245.00","14,219.00",0.12K,-0.04%
4/3/2019,"14,220.00","14,220.00","14,220.00","14,220.00",,0.00%
4/4/2019,"14,180.00","14,190.00","14,195.00","14,175.00",0.10K,-0.28%
4/5/2019,"14,125.00","14,180.00","14,180.00","14,125.00",0.12K,-0.39%
4/8/2019,"14,163.00","14,133.00","14,173.00","14,133.00",0.11K,0.27%
4/9/2019,"14,133.00","14,148.00","14,153.00","14,129.00",0.11K,-0.21%
4/10/2019,"14,150.00","14,145.00","14,170.00","14,145.00",0.12K,0.12%
4/11/2019,"14,135.00","14,150.00","14,165.00","14,135.00",0.15K,-0.11%
4/12/2019,"14,092.50","14,142.50","14,152.50","14,092.50",0.07K,-0.30%
4/15/2019,"14,060.00","14,085.00","14,085.00","14,060.00",0.06K,-0.23%
4/16/2019,"14,085.00","14,060.00","14,085.00","14,060.00",0.04K,0.18%
4/17/2019,"14,085.00","14,085.00","14,085.00","14,085.00",,0.00%
4/18/2019,"14,042.50","14,002.50","14,047.50","13,992.50",0.05K,-0.30%
4/19/2019,"14,042.50","14,042.50","14,042.50","14,042.50",,0.00%
4/22/2019,"14,075.00","14,045.00","14,097.00","14,045.00",0.09K,0.23%
4/23/2019,"14,075.00","14,065.00","14,090.00","14,065.00",0.12K,0.00%
4/24/2019,"14,095.00","14,090.00","14,130.00","14,090.00",0.09K,0.14%
4/25/2019,"14,185.00","14,095.00","14,190.00","14,095.00",0.08K,0.64%
4/26/2019,"14,187.50","14,192.50","14,202.50","14,172.50",0.09K,0.02%
4/29/2019,"14,200.00","14,190.00","14,217.00","14,180.00",0.07K,0.09%
4/30/2019,"14,250.00","14,195.00","14,265.00","14,195.00",0.11K,0.35%
5/1/2019,"14,250.00","14,250.00","14,250.00","14,250.00",,0.00%
5/2/2019,"14,250.00","14,205.00","14,270.00","14,205.00",0.07K,0.00%
5/3/2019,"14,255.00","14,255.00","14,287.00","14,255.00",0.09K,0.04%
5/6/2019,"14,292.50","14,272.50","14,332.50","14,272.50",0.07K,0.26%
5/7/2019,"14,280.00","14,290.00","14,320.00","14,265.00",0.14K,-0.09%
5/8/2019,"14,295.00","14,290.00","14,315.00","14,290.00",0.13K,0.11%
5/9/2019,"14,350.00","14,300.00","14,375.00","14,300.00",0.09K,0.38%
5/10/2019,"14,325.00","14,325.00","14,370.00","14,325.00",0.10K,-0.17%
5/13/2019,"14,415.00","14,335.00","14,442.00","14,335.00",0.08K,0.63%
5/14/2019,"14,430.00","14,420.00","14,460.00","14,420.00",0.06K,0.10%
5/15/2019,"14,460.00","14,445.00","14,465.00","14,440.00",0.09K,0.21%
5/16/2019,"14,450.00","14,455.00","14,475.00","14,440.00",0.11K,-0.07%
5/17/2019,"14,450.00","14,460.00","14,475.00","14,445.00",0.08K,0.00%
5/20/2019,"14,455.00","14,450.00","14,460.00","14,450.00",0.01K,0.03%
5/21/2019,"14,480.00","14,455.00","14,480.00","14,455.00",0.03K,0.17%
5/22/2019,"14,525.00","14,470.00","14,530.00","14,470.00",0.05K,0.31%
5/23/2019,"14,460.00","14,510.00","14,525.00","14,455.00",0.12K,-0.45%
5/24/2019,"14,392.50","14,442.50","14,472.50","14,392.50",0.15K,-0.47%
5/27/2019,"14,380.00","14,355.00","14,390.00","14,345.00",0.05K,-0.09%
5/28/2019,"14,375.00","14,365.00","14,390.00","14,365.00",0.06K,-0.03%
5/29/2019,"14,400.00","14,385.00","14,435.00","14,385.00",0.04K,0.17%
5/30/2019,"14,400.00","14,400.00","14,400.00","14,400.00",,0.00%
5/31/2019,"14,275.00","14,380.00","14,385.00","14,255.00",0.06K,-0.87%
6/3/2019,"14,275.00","14,275.00","14,275.00","14,275.00",,0.00%
6/4/2019,"14,275.00","14,275.00","14,275.00","14,275.00",,0.00%
6/5/2019,"14,275.00","14,275.00","14,275.00","14,275.00",,0.00%
6/6/2019,"14,275.00","14,275.00","14,275.00","14,275.00",,0.00%
6/7/2019,"14,275.00","14,275.00","14,275.00","14,275.00",,0.00%
6/10/2019,"14,250.00","14,205.00","14,260.00","14,205.00",0.03K,-0.18%
6/11/2019,"14,237.50","14,242.50","14,260.50","14,232.50",0.05K,-0.09%
6/12/2019,"14,235.00","14,225.00","14,265.00","14,220.00",0.09K,-0.02%
6/13/2019,"14,280.00","14,235.00","14,280.00","14,235.00",0.02K,0.32%
6/14/2019,"14,325.00","14,275.00","14,330.00","14,275.00",0.04K,0.32%
6/17/2019,"14,335.00","14,330.00","14,355.00","14,330.00",0.07K,0.07%
6/18/2019,"14,322.50","14,332.50","14,342.50","14,317.50",0.11K,-0.09%
6/19/2019,"14,269.50","14,264.50","14,279.50","14,259.50",0.07K,-0.37%
6/20/2019,"14,182.50","14,242.50","14,252.50","14,172.50",0.19K,-0.61%
6/21/2019,"14,155.00","14,125.00","14,170.00","14,080.00",0.09K,-0.19%
6/24/2019,"14,140.00","14,135.00","14,175.00","14,135.00",0.04K,-0.11%
6/25/2019,"14,125.00","14,140.00","14,145.00","14,095.00",0.11K,-0.11%
6/26/2019,"14,175.00","14,135.00","14,185.00","14,135.00",0.05K,0.35%
6/27/2019,"14,140.00","14,175.00","14,185.00","14,140.00",0.09K,-0.25%
6/28/2019,"14,127.50","14,132.50","14,147.50","14,097.50",0.09K,-0.09%
7/1/2019,"14,112.50","14,082.50","14,117.50","14,082.50",0.12K,-0.11%
7/2/2019,"14,137.50","14,117.50","14,147.50","14,117.50",0.11K,0.18%
7/3/2019,"14,117.50","14,142.50","14,167.50","14,117.50",0.10K,-0.14%
7/4/2019,"14,140.00","14,105.00","14,145.00","14,100.00",0.13K,0.16%
7/5/2019,"14,082.50","14,137.50","14,147.50","14,077.50",0.11K,-0.41%
7/8/2019,"14,110.00","14,115.00","14,155.00","14,095.00",0.19K,0.20%
7/9/2019,"14,130.00","14,105.00","14,135.00","14,105.00",0.19K,0.14%
7/10/2019,"14,130.00","14,135.00","14,155.00","14,130.00",0.19K,0.00%
7/11/2019,"14,065.00","14,100.00","14,105.00","14,050.00",0.18K,-0.46%
7/12/2019,"14,007.00","14,073.00","14,098.00","14,003.00",0.18K,-0.41%
7/15/2019,"13,919.50","13,999.50","13,999.50","13,889.50",0.25K,-0.62%
7/16/2019,"13,935.00","13,905.00","13,943.00","13,905.00",0.22K,0.11%
7/17/2019,"13,980.00","13,940.00","13,990.00","13,935.00",0.21K,0.32%
7/18/2019,"13,960.00","13,965.00","13,984.00","13,925.00",0.28K,-0.14%
7/19/2019,"13,935.00","13,935.00","13,945.00","13,890.00",0.30K,-0.18%
7/22/2019,"13,945.00","13,945.00","13,970.00","13,940.00",0.17K,0.07%
7/23/2019,"13,984.00","13,954.00","13,990.00","13,954.00",0.22K,0.28%
7/24/2019,"13,993.00","13,983.00","14,025.00","13,983.00",0.19K,0.06%
7/25/2019,"13,977.50","13,987.50","13,992.50","13,972.50",0.24K,-0.11%
7/26/2019,"14,004.00","13,995.00","14,015.00","13,995.00",0.20K,0.19%
7/29/2019,"14,020.00","13,995.00","14,028.00","13,995.00",0.25K,0.11%
7/30/2019,"14,020.00","14,020.00","14,040.00","14,015.00",0.20K,0.00%
7/31/2019,"14,017.00","14,015.00","14,031.00","14,005.00",0.33K,-0.02%
8/1/2019,"14,116.00","14,061.00","14,128.00","14,061.00",0.17K,0.71%
8/2/2019,"14,180.00","14,165.00","14,230.00","14,165.00",0.14K,0.45%
8/5/2019,"14,255.00","14,190.00","14,280.00","14,190.00",0.17K,0.53%
8/6/2019,"14,265.00","14,305.00","14,355.00","14,255.00",0.28K,0.07%
8/7/2019,"14,222.50","14,257.50","14,297.50","14,207.50",0.24K,-0.30%
8/8/2019,"14,208.00","14,213.00","14,243.00","14,193.00",0.35K,-0.10%
8/9/2019,"14,190.00","14,205.00","14,210.00","14,175.00",0.24K,-0.13%
8/12/2019,"14,247.50","14,202.50","14,249.50","14,202.50",0.10K,0.41%
8/13/2019,"14,317.50","14,257.50","14,332.50","14,257.50",0.20K,0.49%
8/14/2019,"14,245.00","14,255.00","14,255.00","14,215.00",0.22K,-0.51%
8/15/2019,"14,267.50","14,267.50","14,312.50","14,257.50",0.19K,0.16%
8/16/2019,"14,235.00","14,260.00","14,270.00","14,225.00",0.16K,-0.23%
8/19/2019,"14,235.00","14,215.00","14,240.00","14,185.00",0.17K,0.00%
8/20/2019,"14,260.00","14,235.00","14,275.00","14,235.00",0.23K,0.18%
8/21/2019,"14,240.00","14,260.00","14,275.00","14,225.00",0.29K,-0.14%
8/22/2019,"14,235.00","14,225.00","14,250.00","14,225.00",0.22K,-0.04%
8/23/2019,"14,212.50","14,237.50","14,252.50","14,202.50",0.29K,-0.16%
8/26/2019,"14,240.00","14,235.00","14,280.00","14,235.00",0.22K,0.19%
8/27/2019,"14,255.00","14,245.00","14,260.00","14,230.00",0.30K,0.11%
8/28/2019,"14,255.00","14,255.00","14,270.00","14,254.00",0.24K,0.00%
8/29/2019,"14,237.50","14,242.50","14,262.50","14,232.50",0.21K,-0.12%
8/30/2019,"14,185.00","14,220.00","14,245.00","14,185.00",0.17K,-0.37%
9/2/2019,"14,194.00","14,185.00","14,202.00","14,184.00",0.13K,0.06%
9/3/2019,"14,225.00","14,200.00","14,235.00","14,200.00",0.14K,0.22%
9/4/2019,"14,152.50","14,222.50","14,222.50","14,152.50",0.29K,-0.51%
9/5/2019,"14,150.00","14,155.00","14,165.00","14,142.00",0.13K,-0.02%
9/6/2019,"14,095.00","14,135.00","14,150.00","14,085.00",0.16K,-0.39%
9/9/2019,"14,031.00","14,086.00","14,096.00","14,026.00",0.22K,-0.45%
9/10/2019,"14,050.00","14,035.00","14,055.00","14,025.00",0.14K,0.14%
9/11/2019,"14,060.00","14,055.00","14,070.00","14,050.00",0.13K,0.07%
9/12/2019,"13,990.00","14,045.00","14,055.00","13,985.00",0.21K,-0.50%
9/13/2019,"13,965.00","13,935.00","13,975.00","13,905.00",0.17K,-0.18%
9/16/2019,"14,040.00","13,980.00","14,055.00","13,975.00",0.17K,0.54%
9/17/2019,"14,095.00","14,060.00","14,110.00","14,060.00",0.15K,0.39%
9/18/2019,"14,060.00","14,075.00","14,090.00","14,060.00",0.14K,-0.25%
9/19/2019,"14,060.00","14,075.00","14,104.00","14,060.00",0.17K,0.00%
9/20/2019,"14,055.00","14,090.00","14,090.00","14,055.00",0.14K,-0.04%
9/23/2019,"14,085.00","14,070.00","14,090.00","14,065.00",0.16K,0.21%
9/24/2019,"14,112.50","14,077.50","14,112.50","14,077.50",0.08K,0.20%
9/25/2019,"14,150.00","14,120.00","14,155.00","14,120.00",0.15K,0.27%
9/26/2019,"14,177.50","14,147.50","14,177.50","14,145.50",0.12K,0.19%
9/27/2019,"14,165.00","14,185.00","14,200.00","14,165.00",0.15K,-0.09%
9/30/2019,"14,195.00","14,155.00","14,195.00","14,155.00",0.08K,0.21%
10/1/2019,"14,212.50","14,182.50","14,222.50","14,182.50",0.16K,0.12%
10/2/2019,"14,195.00","14,215.00","14,215.00","14,185.00",0.17K,-0.12%
10/3/2019,"14,172.50","14,192.50","14,197.50","14,167.50",0.27K,-0.16%
10/4/2019,"14,135.00","14,150.00","14,150.00","14,115.00",0.23K,-0.26%
10/7/2019,"14,162.50","14,137.50","14,167.50","14,137.50",0.12K,0.19%
10/8/2019,"14,155.00","14,175.00","14,180.00","14,135.00",0.20K,-0.05%
10/9/2019,"14,170.00","14,165.00","14,185.00","14,165.00",0.18K,0.11%
10/10/2019,"14,151.50","14,171.50","14,181.50","14,131.50",0.21K,-0.13%
10/11/2019,"14,128.00","14,125.00","14,155.00","14,125.00",0.15K,-0.17%
10/14/2019,"14,139.00","14,114.00","14,139.00","14,112.00",0.22K,0.08%
10/15/2019,"14,165.00","14,135.00","14,170.00","14,135.00",0.17K,0.18%
10/16/2019,"14,169.00","14,175.00","14,194.00","14,165.00",0.28K,0.03%
10/17/2019,"14,148.00","14,175.00","14,176.00","14,146.00",0.16K,-0.15%
10/18/2019,"14,144.50","14,135.50","14,153.50","14,125.50",0.14K,-0.02%
10/21/2019,"14,078.00","14,125.00","14,135.00","14,078.00",0.23K,-0.47%
10/22/2019,"14,040.00","14,073.00","14,073.00","13,993.00",0.24K,-0.27%
10/23/2019,"14,029.00","14,034.00","14,064.00","14,014.00",0.23K,-0.08%
10/24/2019,"14,059.00","14,005.00","14,060.00","13,985.00",0.16K,0.21%
10/25/2019,"14,035.00","14,045.00","14,073.00","14,035.00",0.17K,-0.17%
10/28/2019,"14,025.00","14,020.00","14,032.00","14,015.00",0.20K,-0.07%
10/29/2019,"14,025.00","14,025.00","14,040.00","14,013.00",0.19K,0.00%
10/30/2019,"14,027.00","14,040.00","14,050.00","14,027.00",0.15K,0.01%
10/31/2019,"14,037.00","13,995.00","14,045.00","13,985.00",0.19K,0.07%
11/1/2019,"14,035.00","14,045.00","14,072.00","14,035.00",0.24K,-0.01%
11/4/2019,"14,015.00","13,995.00","14,020.00","13,995.00",0.12K,-0.14%
11/5/2019,"13,967.50","14,017.50","14,035.50","13,967.50",0.24K,-0.34%
11/6/2019,"14,015.00","13,980.00","14,032.00","13,980.00",0.20K,0.34%
11/7/2019,"13,994.50","14,034.50","14,047.50","13,994.50",0.17K,-0.15%
11/8/2019,"14,014.00","14,009.00","14,029.00","14,009.00",0.26K,0.14%
11/11/2019,"14,063.00","14,030.00","14,075.00","14,015.00",0.14K,0.35%
11/12/2019,"14,055.00","14,057.00","14,065.00","14,045.00",0.17K,-0.06%
11/13/2019,"14,081.00","14,064.00","14,088.00","14,064.00",0.18K,0.18%
11/14/2019,"14,085.00","14,075.00","14,105.00","14,075.00",0.22K,0.03%
11/15/2019,"14,073.00","14,055.00","14,080.00","14,055.00",0.15K,-0.09%
11/18/2019,"14,076.50","14,071.50","14,088.50","14,071.50",0.14K,0.02%
11/19/2019,"14,090.00","14,075.00","14,097.00","14,075.00",0.16K,0.10%
11/20/2019,"14,094.50","14,084.50","14,102.50","14,084.50",0.10K,0.03%
11/21/2019,"14,087.50","14,097.50","14,122.50","14,087.50",0.15K,-0.05%
11/22/2019,"14,085.00","14,085.00","14,110.00","14,080.00",0.16K,-0.02%
11/25/2019,"14,075.00","14,086.00","14,095.00","14,075.00",0.16K,-0.07%
11/26/2019,"14,085.00","14,085.00","14,095.00","14,075.00",0.17K,0.07%
11/27/2019,"14,095.00","14,085.00","14,105.00","14,080.00",0.08K,0.07%
11/28/2019,"14,090.00","14,085.00","14,102.00","14,085.00",0.06K,-0.04%
11/29/2019,"14,105.00","14,090.00","14,120.00","14,090.00",0.07K,0.11%
12/2/2019,"14,125.00","14,105.00","14,135.00","14,105.00",0.05K,0.14%
12/3/2019,"14,105.00","14,115.00","14,132.00","14,105.00",0.11K,-0.14%
12/4/2019,"14,105.00","14,110.00","14,130.00","14,105.00",0.11K,0.00%
12/5/2019,"14,065.00","14,100.00","14,100.00","14,065.00",0.14K,-0.28%
12/6/2019,"14,037.50","14,012.50","14,042.50","14,012.50",0.12K,-0.20%
12/9/2019,"14,015.00","14,005.00","14,023.00","14,005.00",0.06K,-0.16%
12/10/2019,"14,010.00","13,995.00","14,020.00","13,995.00",0.07K,-0.04%
12/11/2019,"14,035.00","13,995.00","14,045.00","13,995.00",0.07K,0.18%
12/12/2019,"14,025.00","14,035.00","14,045.00","14,025.00",0.11K,-0.07%
12/13/2019,"13,985.00","13,980.00","13,990.00","13,955.00",0.03K,-0.29%
12/16/2019,"14,005.00","13,995.00","14,020.00","13,995.00",0.04K,0.14%
12/17/2019,"13,990.00","13,995.00","14,019.00","13,990.00",0.11K,-0.11%
12/18/2019,"13,975.00","13,995.00","14,010.00","13,975.00",0.11K,-0.11%
12/19/2019,"13,985.00","13,975.00","14,000.00","13,975.00",0.14K,0.07%
12/20/2019,"13,977.50","13,982.50","14,003.50","13,977.50",0.13K,-0.05%
12/23/2019,"13,967.50","13,957.50","13,992.50","13,957.50",0.08K,-0.07%
12/24/2019,"13,967.50","13,967.50","13,967.50","13,967.50",,0.00%
12/25/2019,"13,967.50","13,967.50","13,967.50","13,967.50",,0.00%
12/26/2019,"13,955.00","13,970.00","13,980.00","13,955.00",0.10K,-0.09%
12/27/2019,"13,950.00","13,955.00","13,962.00","13,947.00",0.12K,-0.04%
12/30/2019,"13,924.50","13,949.50","13,949.50","13,914.50",0.09K,-0.18%
12/31/2019,"13,882.50","13,922.50","13,922.50","13,862.50",0.05K,-0.30%
1/1/2020,"13,882.50","13,882.50","13,882.50","13,882.50",,0.00%
1/2/2020,"13,889.00","13,870.00","13,905.00","13,870.00",0.06K,0.05%
1/3/2020,"13,925.00","13,880.00","13,935.00","13,880.00",0.10K,0.26%
1/6/2020,"13,940.00","13,925.00","13,970.00","13,925.00",0.14K,0.11%
1/7/2020,"13,875.00","13,935.00","13,935.00","13,875.00",0.19K,-0.47%
1/8/2020,"13,892.50","13,907.50","13,942.50","13,892.50",0.24K,0.13%
1/9/2020,"13,850.00","13,855.00","13,870.00","13,835.00",0.19K,-0.31%
1/10/2020,"13,762.50","13,857.50","13,860.50","13,747.50",0.18K,-0.63%
1/13/2020,"13,668.00","13,733.00","13,743.00","13,668.00",0.18K,-0.69%
1/14/2020,"13,670.00","13,655.00","13,695.00","13,635.00",0.16K,0.01%
1/15/2020,"13,665.00","13,675.00","13,730.00","13,665.00",0.15K,-0.04%
1/16/2020,"13,630.00","13,680.00","13,680.00","13,620.00",0.17K,-0.26%
1/17/2020,"13,637.50","13,647.50","13,667.50","13,632.50",0.17K,0.06%
1/20/2020,"13,632.50","13,642.50","13,660.50","13,632.50",0.22K,-0.04%
1/21/2020,"13,657.50","13,637.50","13,677.50","13,632.50",0.21K,0.18%
1/22/2020,"13,644.50","13,664.50","13,689.50","13,624.50",0.19K,-0.10%
1/23/2020,"13,630.00","13,640.00","13,650.00","13,605.00",0.20K,-0.11%
1/24/2020,"13,572.50","13,637.50","13,645.50","13,572.50",0.21K,-0.42%
1/27/2020,"13,605.00","13,575.00","13,625.00","13,575.00",0.11K,0.24%
1/28/2020,"13,637.50","13,617.50","13,660.50","13,617.50",0.21K,0.24%
1/29/2020,"13,627.50","13,622.50","13,649.50","13,622.50",0.20K,-0.07%
1/30/2020,"13,645.00","13,635.00","13,672.00","13,630.00",0.12K,0.13%
1/31/2020,"13,655.00","13,645.00","13,663.00","13,645.00",0.03K,0.07%
2/3/2020,"13,742.50","13,662.50","13,742.50","13,662.50",0.04K,0.64%
2/4/2020,"13,710.00","13,745.00","13,770.00","13,695.00",0.20K,-0.24%
2/5/2020,"13,675.00","13,695.00","13,735.00","13,675.00",0.23K,-0.26%
2/6/2020,"13,620.00","13,645.00","13,675.00","13,595.00",0.29K,-0.40%
2/7/2020,"13,675.00","13,620.00","13,680.00","13,620.00",0.07K,0.40%
2/10/2020,"13,695.00","13,675.00","13,730.00","13,675.00",0.08K,0.15%
2/11/2020,"13,665.00","13,695.00","13,695.00","13,665.00",0.12K,-0.22%
2/12/2020,"13,660.00","13,645.00","13,680.00","13,645.00",0.22K,-0.04%
2/13/2020,"13,680.00","13,660.00","13,715.00","13,660.00",0.12K,0.15%
2/14/2020,"13,675.00","13,685.00","13,715.00","13,675.00",0.18K,-0.04%
2/17/2020,"13,652.50","13,672.50","13,692.50","13,651.50",0.18K,-0.16%
2/18/2020,"13,665.00","13,655.00","13,695.00","13,655.00",0.15K,0.09%
2/19/2020,"13,687.50","13,697.50","13,722.50","13,687.50",0.16K,0.16%
2/20/2020,"13,707.50","13,697.50","13,777.50","13,697.50",0.15K,0.15%
2/21/2020,"13,765.00","13,720.00","13,765.00","13,720.00",0.03K,0.42%
2/24/2020,"13,870.00","13,775.00","13,895.00","13,775.00",0.06K,0.76%
2/25/2020,"13,882.50","13,872.50","13,912.50","13,872.50",0.06K,0.09%
2/26/2020,"13,932.50","13,887.50","13,947.50","13,887.50",0.04K,0.36%
2/27/2020,"14,035.00","13,935.00","14,035.00","13,935.00",0.12K,0.74%
2/28/2020,"14,347.50","14,057.50","14,347.50","14,057.50",0.06K,2.23%
3/2/2020,"14,265.00","14,355.00","14,420.00","14,225.00",0.07K,-0.58%
3/3/2020,"14,281.50","14,196.50","14,286.50","14,196.50",0.17K,0.12%
3/4/2020,"14,115.00","14,255.00","14,255.00","14,095.00",0.24K,-1.17%
3/5/2020,"14,170.00","14,120.00","14,190.00","14,120.00",0.22K,0.39%
3/6/2020,"14,230.00","14,190.00","14,295.00","14,190.00",0.15K,0.42%
3/9/2020,"14,392.50","14,247.50","14,392.50","14,247.50",0.03K,1.14%
3/10/2020,"14,346.00","14,391.00","14,416.00","14,281.00",0.28K,-0.32%
3/11/2020,"14,352.50","14,302.50","14,392.50","14,292.50",0.24K,0.05%
3/12/2020,"14,521.50","14,366.50","14,521.50","14,366.50",0.04K,1.18%
3/13/2020,"14,770.00","14,610.00","14,865.00","14,610.00",0.12K,1.71%
3/16/2020,"14,925.00","14,725.00","15,002.00","14,725.00",0.10K,1.05%
3/17/2020,"15,170.00","14,940.00","15,170.00","14,940.00",0.05K,1.64%
3/18/2020,"15,217.50","15,097.50","15,232.50","15,097.50",0.03K,0.31%
3/19/2020,"15,912.50","15,287.50","15,912.50","15,287.50",0.02K,4.57%
3/20/2020,"15,925.00","15,962.50","16,225.00","15,925.00",0.04K,0.08%
3/23/2020,"16,575.00","15,975.00","16,640.00","15,975.00",0.05K,4.08%
3/24/2020,"16,500.00","16,505.00","16,525.00","16,472.50",0.06K,-0.45%
3/26/2020,"16,305.00","16,205.00","16,360.00","16,205.00",0.09K,-1.18%
3/27/2020,"16,140.00","16,105.00","16,265.00","16,060.00",0.10K,-1.01%
3/30/2020,"16,337.50","16,155.00","16,416.00","16,155.00",0.03K,1.22%
3/31/2020,"16,310.00","16,325.00","16,392.50","16,300.00",0.11K,-0.17%
4/1/2020,"16,450.00","16,325.00","16,480.00","16,325.00",0.03K,0.86%
4/2/2020,"16,475.00","16,505.00","16,570.00","16,475.00",0.02K,0.15%
4/3/2020,"16,425.00","16,445.00","16,505.00","16,425.00",0.03K,-0.30%
4/6/2020,"16,412.50","16,450.00","16,575.00","16,412.50",0.02K,-0.08%
4/7/2020,"16,175.00","16,385.00","16,436.50","16,175.00",0.07K,-1.45%
4/8/2020,"16,175.00","16,180.00","16,330.00","16,167.50",0.04K,0.00%
4/9/2020,"15,820.00","16,177.50","16,240.00","15,820.00",0.10K,-2.19%
4/13/2020,"15,630.00","15,800.00","15,825.00","15,630.00",0.07K,-1.20%
4/14/2020,"15,630.00","15,700.00","15,727.50","15,630.00",0.07K,0.00%
4/15/2020,"15,565.00","15,645.00","15,697.50","15,540.00",0.09K,-0.42%
4/16/2020,"15,640.00","15,657.50","15,785.00","15,640.00",0.04K,0.48%
4/17/2020,"15,430.00","15,505.00","15,552.50","15,400.00",0.09K,-1.34%
4/20/2020,"15,412.50","15,470.00","15,519.00","15,412.50",0.05K,-0.11%
4/21/2020,"15,455.00","15,500.00","15,585.00","15,455.00",0.03K,0.28%
4/22/2020,"15,450.00","15,530.00","15,610.00","15,450.00",0.07K,-0.03%
4/23/2020,"15,400.00","15,524.00","15,607.50","15,400.00",0.12K,-0.32%
4/24/2020,"15,400.00","15,452.50","15,525.00","15,400.00",0.07K,0.00%
4/27/2020,"15,385.00","15,455.00","15,505.00","15,385.00",0.02K,-0.10%
4/28/2020,"15,422.50","15,405.00","15,507.50","15,395.00",0.11K,0.24%
4/29/2020,"15,295.00","15,355.00","15,412.50","15,290.00",0.08K,-0.83%
4/30/2020,"14,875.00","15,190.00","15,195.00","14,857.50",0.09K,-2.75%
5/4/2020,"15,100.00","14,960.00","15,135.00","14,960.00",0.04K,1.51%
5/5/2020,"15,080.00","15,125.00","15,150.00","15,030.00",0.08K,-0.13%
5/6/2020,"15,045.00","15,060.00","15,125.00","15,025.00",0.06K,-0.23%
5/8/2020,"14,920.00","15,025.00","15,052.50","14,908.00",0.07K,-0.83%
5/11/2020,"14,895.00","14,945.00","14,962.50","14,885.00",0.08K,-0.17%
5/12/2020,"14,905.00","14,930.00","14,986.00","14,902.00",0.08K,0.07%
5/13/2020,"14,865.00","14,885.00","14,907.50","14,852.50",0.08K,-0.27%
5/14/2020,"14,885.00","14,892.50","14,962.50","14,867.50",0.08K,0.13%
5/15/2020,"14,860.00","14,875.00","14,925.00","14,857.50",0.06K,-0.17%
5/18/2020,"14,850.00","14,855.00","14,895.00","14,835.00",0.08K,-0.07%
5/19/2020,"14,770.00","14,805.00","14,845.00","14,755.00",0.13K,-0.54%
5/20/2020,"14,710.00","14,755.00","14,792.50","14,705.00",0.09K,-0.41%
5/26/2020,"14,755.00","14,730.00","14,779.50","14,727.50",0.07K,0.31%
5/27/2020,"14,710.00","14,740.00","14,780.00","14,707.50",0.07K,-0.30%
5/28/2020,"14,715.00","14,740.00","14,777.50","14,710.00",0.07K,0.03%
5/29/2020,"14,610.00","14,725.00","14,745.00","14,607.50",0.15K,-0.71%
6/2/2020,"14,415.00","14,630.00","14,630.00","14,415.00",0.08K,-1.33%
6/3/2020,"14,095.00","14,245.00","14,255.00","14,095.00",0.09K,-2.22%
6/4/2020,"14,095.00","14,105.00","14,170.00","14,070.00",0.11K,0.00%
6/5/2020,"13,870.00","14,075.00","14,107.50","13,862.50",0.11K,-1.60%
6/8/2020,"13,885.00","13,870.00","13,995.00","13,850.00",0.05K,0.11%
6/9/2020,"13,890.00","13,910.00","14,045.00","13,880.00",0.05K,0.04%
6/10/2020,"13,980.00","13,937.50","14,055.00","13,897.50",0.04K,0.65%
6/11/2020,"14,015.00","13,925.00","14,060.00","13,887.50",0.04K,0.25%
6/12/2020,"14,125.00","14,060.00","14,223.50","14,060.00",0.05K,0.78%
6/15/2020,"14,115.00","14,055.00","14,145.00","14,040.00",0.02K,-0.07%
6/16/2020,"14,090.00","14,085.00","14,130.00","14,047.50",0.04K,-0.18%
6/17/2020,"14,082.50","14,065.00","14,130.00","14,034.50",0.05K,-0.05%
6/18/2020,"14,085.00","14,030.00","14,105.00","14,005.00",0.04K,0.02%
6/19/2020,"14,100.00","14,055.00","14,202.50","14,055.00",0.02K,0.11%
6/22/2020,"14,185.00","14,100.00","14,185.00","14,100.00",0.03K,0.60%
6/23/2020,"14,160.00","14,185.00","14,255.00","14,160.00",0.06K,-0.18%
6/24/2020,"14,130.00","14,110.00","14,175.00","14,099.50",0.07K,-0.21%
6/25/2020,"14,175.00","14,085.00","14,195.00","14,079.50",0.08K,0.32%
6/26/2020,"14,220.00","14,105.00","14,250.00","14,100.00",0.06K,0.32%
6/29/2020,"14,245.00","14,225.00","14,275.00","14,225.00",0.01K,0.18%
6/30/2020,"14,255.00","14,175.00","14,315.00","14,165.00",0.04K,0.07%
7/1/2020,"14,265.00","14,245.00","14,325.00","14,245.00",0.03K,0.07%
7/2/2020,"14,378.50","14,265.00","14,383.00","14,265.00",0.02K,0.80%
7/3/2020,"14,510.00","14,380.00","14,605.00","14,380.00",0.09K,0.91%
7/6/2020,"14,490.00","14,465.00","14,582.50","14,455.00",0.10K,-0.14%
7/7/2020,"14,440.00","14,450.00","14,450.00","14,374.00",0.03K,-0.35%
7/8/2020,"14,410.00","14,395.00","14,450.00","14,375.00",0.04K,-0.21%
7/9/2020,"14,395.00","14,355.00","14,430.00","14,342.50",0.10K,-0.10%
7/10/2020,"14,435.00","14,397.50","14,490.00","14,397.50",0.03K,0.28%
7/13/2020,"14,425.00","14,370.00","14,501.00","14,365.00",0.05K,-0.07%
7/14/2020,"14,450.00","14,355.00","14,450.00","14,352.00",0.06K,0.17%
7/15/2020,"14,587.50","14,450.00","14,625.00","14,450.00",0.09K,0.95%
7/16/2020,"14,625.00","14,560.00","14,687.50","14,535.00",0.05K,0.26%
7/17/2020,"14,695.00","14,585.00","14,730.00","14,570.00",0.02K,0.48%
7/20/2020,"14,785.00","14,695.00","14,860.00","14,692.50",0.04K,0.61%
7/21/2020,"14,738.50","14,755.00","14,780.00","14,725.00",0.10K,-0.31%
7/22/2020,"14,650.00","14,605.00","14,680.00","14,605.00",0.10K,-0.60%
7/23/2020,"14,580.00","14,605.00","14,670.00","14,532.50",0.08K,-0.48%
7/24/2020,"14,610.00","14,525.00","14,615.00","14,505.00",0.03K,0.21%
7/27/2020,"14,520.00","14,505.00","14,580.00","14,480.00",0.07K,-0.62%
7/28/2020,"14,535.00","14,460.00","14,561.00","14,445.00",0.03K,0.10%
7/29/2020,"14,535.00","14,455.00","14,595.00","14,454.50",0.10K,0.00%
7/30/2020,"14,600.00","14,455.00","14,620.00","14,455.00",0.03K,0.45%
8/3/2020,"14,630.00","14,605.00","14,647.50","14,595.00",0.02K,0.21%
8/4/2020,"14,620.00","14,565.00","14,675.00","14,560.00",0.05K,-0.07%
8/5/2020,"14,550.00","14,540.00","14,612.50","14,520.00",0.06K,-0.48%
8/6/2020,"14,585.00","14,490.00","14,615.00","14,465.00",0.08K,0.24%
8/7/2020,"14,580.00","14,555.00","14,675.00","14,555.00",0.03K,-0.03%
8/10/2020,"14,590.00","14,600.00","14,700.00","14,600.00",0.03K,0.07%
8/11/2020,"14,620.00","14,580.00","14,720.00","14,580.00",0.06K,0.21%
8/12/2020,"14,685.00","14,640.00","14,770.00","14,640.00",0.05K,0.44%
8/13/2020,"14,700.00","14,742.50","14,795.00","14,725.00",0.05K,0.10%
8/14/2020,"14,720.00","14,775.00","14,844.00","14,775.00",0.02K,0.14%
8/18/2020,"14,830.00","14,750.00","14,881.00","14,750.00",0.20K,0.75%
8/19/2020,"14,770.00","14,750.00","14,807.50","14,735.00",0.16K,-0.40%
8/24/2020,"14,670.00","14,755.00","14,802.50","14,670.50",0.14K,-0.68%
8/25/2020,"14,640.00","14,600.00","14,660.00","14,575.00",0.12K,-0.20%
8/26/2020,"14,670.00","14,585.00","14,695.00","14,585.00",0.14K,0.20%
8/27/2020,"14,650.00","14,605.00","14,727.50","14,605.00",0.10K,-0.14%
8/28/2020,"14,615.00","14,655.00","14,716.50","14,614.50",0.14K,-0.24%
8/31/2020,"14,560.00","14,505.00","14,567.50","14,505.00",0.10K,-0.38%
9/1/2020,"14,565.00","14,535.00","14,620.00","14,535.00",0.10K,0.03%
9/2/2020,"14,740.00","14,605.00","14,820.00","14,605.00",0.11K,1.20%
9/3/2020,"14,760.00","14,755.00","14,835.00","14,755.00",0.16K,0.14%
9/4/2020,"14,740.00","14,735.00","14,802.50","14,705.00",0.12K,-0.14%
9/7/2020,"14,730.00","14,705.00","14,757.50","14,705.00",0.09K,-0.07%
9/8/2020,"14,760.00","14,720.00","14,802.50","14,720.00",0.08K,0.20%
9/9/2020,"14,780.00","14,765.00","14,860.00","14,765.00",0.10K,0.14%
9/10/2020,"14,820.00","14,770.00","14,895.00","14,765.00",0.06K,0.27%
9/11/2020,"14,860.00","14,900.00","14,974.00","14,877.50",0.12K,0.27%
9/14/2020,"14,860.00","14,855.00","14,955.00","14,855.00",0.05K,0.00%
9/15/2020,"14,835.00","14,805.00","14,875.00","14,802.00",0.14K,-0.17%
9/16/2020,"14,825.00","14,790.00","14,877.50","14,790.00",0.13K,-0.07%
9/17/2020,"14,820.00","14,795.00","14,872.00","14,795.00",0.08K,-0.03%
9/18/2020,"14,730.00","14,755.00","14,780.00","14,713.00",0.13K,-0.61%
9/21/2020,"14,690.00","14,670.00","14,727.50","14,664.00",0.11K,-0.27%
9/22/2020,"14,750.00","14,695.00","14,824.50","14,695.00",0.05K,0.41%
9/23/2020,"14,780.00","14,775.00","14,854.00","14,755.00",0.07K,0.20%
9/24/2020,"14,845.00","14,815.00","14,910.00","14,815.00",0.04K,0.44%
9/25/2020,"14,845.00","14,887.50","14,952.50","14,862.50",0.10K,0.00%
9/28/2020,"14,850.00","14,867.50","14,949.50","14,867.50",0.05K,0.03%
9/29/2020,"14,845.00","14,875.00","14,940.50","14,867.50",0.06K,-0.03%
9/30/2020,"14,840.00","14,857.50","14,922.00","14,857.50",0.04K,-0.03%
10/1/2020,"14,820.00","14,810.00","14,867.50","14,810.00",0.05K,-0.13%
10/2/2020,"14,830.00","14,840.00","14,907.00","14,840.00",0.05K,0.07%
10/5/2020,"14,790.00","14,815.00","14,857.50","14,799.50",0.11K,-0.27%
10/6/2020,"14,710.00","14,605.00","14,762.50","14,605.00",0.05K,-0.54%
10/7/2020,"14,690.00","14,710.00","14,772.50","14,702.50",0.07K,-0.14%
10/8/2020,"14,685.00","14,700.00","14,733.00","14,697.50",0.06K,-0.03%
10/9/2020,"14,675.00","14,695.00","14,727.50","14,665.00",0.03K,-0.07%
10/12/2020,"14,680.00","14,685.00","14,732.50","14,685.00",0.02K,0.03%
10/13/2020,"14,680.00","14,695.00","14,767.50","14,695.00",0.04K,0.00%
10/14/2020,"14,680.00","14,710.00","14,765.00","14,705.00",0.03K,0.00%
10/15/2020,"14,660.00","14,685.00","14,741.00","14,680.00",0.04K,-0.14%
10/16/2020,"14,670.00","14,710.00","14,757.50","14,687.50",0.05K,0.07%
10/19/2020,"14,670.00","14,670.00","14,742.50","14,670.00",0.06K,0.00%
10/20/2020,"14,650.00","14,672.50","14,718.00","14,655.00",0.07K,-0.14%
10/21/2020,"14,610.00","14,635.00","14,667.50","14,615.00",0.07K,-0.27%
10/22/2020,"14,640.00","14,615.00","14,690.00","14,615.00",0.03K,0.21%
10/23/2020,"14,650.00","14,660.00","14,722.50","14,650.00",0.03K,0.07%
10/26/2020,"14,630.00","14,635.00","14,675.00","14,632.50",0.03K,-0.14%
10/27/2020,"14,620.00","14,650.00","14,680.00","14,620.00",0.04K,-0.07%
11/2/2020,"14,625.00","14,650.00","14,717.50","14,637.50",0.04K,0.03%
11/3/2020,"14,570.00","14,612.50","14,635.00","14,584.00",0.06K,-0.38%
11/4/2020,"14,540.00","14,515.00","14,567.50","14,512.50",0.04K,-0.21%
11/5/2020,"14,370.00","14,385.00","14,440.00","14,370.00",0.08K,-1.17%
11/6/2020,"14,190.00","14,255.00","14,302.50","14,200.00",0.08K,-1.25%
11/9/2020,"14,050.00","14,170.00","14,180.00","14,042.50",0.13K,-0.99%
11/10/2020,"14,040.00","14,050.00","14,082.50","13,992.50",0.09K,-0.07%
11/11/2020,"14,070.00","14,055.00","14,102.50","14,055.00",0.04K,0.21%
11/12/2020,"14,140.00","14,080.00","14,207.50","14,080.00",0.03K,0.50%
11/13/2020,"14,150.00","14,150.00","14,232.50","14,150.00",0.06K,0.07%
11/16/2020,"14,100.00","14,120.00","14,147.50","14,107.50",0.06K,-0.35%
11/17/2020,"14,030.00","14,030.00","14,077.50","14,027.50",0.05K,-0.50%
11/18/2020,"14,050.00","14,055.00","14,102.50","14,055.00",0.04K,0.14%
11/19/2020,"14,140.00","14,055.00","14,195.00","14,055.00",0.04K,0.64%
11/20/2020,"14,150.00","14,160.00","14,210.50","14,160.00",0.04K,0.07%
11/23/2020,"14,130.00","14,162.50","14,175.00","14,142.50",0.04K,-0.14%
11/24/2020,"14,140.00","14,150.00","14,194.50","14,150.00",0.03K,0.07%
11/25/2020,"14,130.00","14,145.00","14,177.50","14,140.00",0.05K,-0.07%
11/26/2020,"14,090.00","14,125.00","14,137.50","14,100.00",0.05K,-0.28%
11/27/2020,"14,070.00","14,105.00","14,136.50","14,090.00",0.03K,-0.14%
11/30/2020,"14,090.00","14,070.00","14,150.00","14,070.00",0.02K,0.14%
12/1/2020,"14,100.00","14,117.50","14,182.50","14,117.50",0.03K,0.07%
12/2/2020,"14,090.00","14,120.00","14,156.00","14,120.00",0.01K,-0.07%
12/3/2020,"14,100.00","14,120.00","14,179.00","14,120.00",0.02K,0.07%
12/4/2020,"14,085.00","14,135.00","14,162.50","14,102.50",0.03K,-0.11%
12/7/2020,"14,080.00","14,110.00","14,135.00","14,101.00",0.03K,-0.04%
12/8/2020,"14,080.00","14,110.00","14,150.00","14,110.00",0.03K,0.00%
12/10/2020,"14,090.00","14,095.00","14,120.00","14,095.00",0.04K,0.07%
12/11/2020,"14,070.00","14,100.00","14,119.00","14,079.50",0.05K,-0.14%
12/14/2020,"14,070.00","14,100.00","14,155.00","14,095.00",0.04K,0.00%
12/15/2020,"14,090.00","14,105.00","14,173.50","14,105.00",0.03K,0.14%
12/16/2020,"14,090.00","14,110.00","14,158.00","14,110.00",0.04K,0.00%
12/17/2020,"14,085.00","14,125.00","14,137.50","14,105.00",0.02K,-0.04%
12/18/2020,"14,080.00","14,102.50","14,147.50","14,100.00",0.03K,-0.04%
12/21/2020,"14,100.00","14,110.00","14,175.00","14,110.00",0.03K,0.14%
12/22/2020,"14,145.00","14,140.00","14,212.50","14,140.00",0.02K,0.32%
12/23/2020,"14,150.00","14,155.00","14,274.00","14,155.00",0.04K,0.04%
12/28/2020,"14,140.00","14,155.00","14,177.50","14,150.00",0.02K,-0.07%
12/29/2020,"14,110.00","14,150.00","14,160.00","14,130.00",0.02K,-0.21%
12/30/2020,"14,040.00","14,120.00","14,120.00","14,050.00",0.05K,-0.50%
1/1/2021,"14,213.70","14,213.50","14,214.20","13,919.00",,1.24%
1/4/2021,"13,885.00","13,910.00","13,940.00","13,862.50",0.07K,-2.31%
1/5/2021,"13,900.00","13,900.00","13,932.50","13,900.00",0.03K,0.11%
1/6/2021,"13,880.00","13,920.00","13,930.00","13,895.00",0.04K,-0.14%
1/7/2021,"13,890.00","13,900.00","13,945.00","13,900.00",0.03K,0.07%
1/8/2021,"13,980.00","13,915.00","14,061.50","13,915.00",0.06K,0.65%
1/11/2021,"14,080.00","14,020.00","14,165.00","14,020.00",0.06K,0.72%
1/12/2021,"14,120.00","14,120.00","14,217.50","14,115.00",0.11K,0.28%
1/13/2021,"14,055.00","14,090.00","14,117.50","14,057.50",0.07K,-0.46%
1/14/2021,"14,050.00","14,075.00","14,109.00","14,055.00",0.04K,-0.04%
1/15/2021,"14,010.00","14,040.00","14,062.50","14,012.50",0.05K,-0.28%
1/18/2021,"14,060.00","14,025.00","14,105.00","14,025.00",0.07K,0.36%
1/19/2021,"14,050.00","14,080.00","14,099.50","14,055.00",0.05K,-0.07%
1/20/2021,"14,020.00","14,065.00","14,067.50","14,030.00",0.06K,-0.21%
1/21/2021,"13,980.00","14,022.50","14,035.00","13,995.00",0.05K,-0.29%
1/22/2021,"14,020.00","13,995.00","14,063.50","13,995.00",0.05K,0.29%
1/25/2021,"14,010.00","14,055.00","14,083.00","14,020.00",0.05K,-0.07%
1/26/2021,"14,040.00","14,045.00","14,098.50","14,045.00",0.03K,0.21%
1/27/2021,"14,035.00","14,050.00","14,082.00","14,042.50",0.05K,-0.04%
1/28/2021,"14,050.00","14,065.00","14,126.50","14,055.00",0.05K,0.11%
1/29/2021,"14,020.00","14,072.50","14,085.00","14,030.00",0.04K,-0.21%
2/1/2021,"14,010.00","14,035.00","14,052.50","14,015.00",0.11K,-0.07%
2/2/2021,"14,020.00","14,035.00","14,049.00","14,020.00",0.06K,0.07%
2/3/2021,"14,000.00","14,015.00","14,020.00","13,992.50",0.08K,-0.14%
2/4/2021,"14,010.00","14,007.50","14,040.00","14,002.50",0.06K,0.07%
2/5/2021,"14,020.00","14,020.00","14,057.50","14,020.00",0.07K,0.07%
2/8/2021,"13,995.00","14,020.00","14,023.50","13,987.50",0.08K,-0.18%
2/9/2021,"13,990.00","14,007.50","14,011.00","13,988.50",0.07K,-0.04%
2/10/2021,"13,980.00","14,000.00","14,000.00","13,972.00",0.12K,-0.07%
2/11/2021,"13,970.00","13,985.00","14,002.00","13,965.00",0.07K,-0.07%
2/15/2021,"13,910.00","13,972.50","13,972.50","13,896.50",0.09K,-0.43%
2/16/2021,"13,920.00","13,895.00","13,937.50","13,866.00",0.10K,0.07%
2/17/2021,"14,010.00","13,955.00","14,046.00","13,955.00",0.08K,0.65%
2/18/2021,"14,010.00","14,020.00","14,061.00","14,020.00",0.08K,0.00%
2/19/2021,"14,060.00","14,050.00","14,100.50","14,050.00",0.11K,0.36%
2/22/2021,"14,110.00","14,070.00","14,130.00","14,070.00",0.07K,0.36%
2/23/2021,"14,090.00","14,110.00","14,130.00","14,092.50",0.11K,-0.14%
2/24/2021,"14,080.00","14,072.50","14,092.50","14,065.00",0.13K,-0.07%
2/25/2021,"14,080.00","14,085.00","14,110.00","14,079.50",0.10K,0.00%
2/26/2021,"14,240.00","14,105.00","14,275.00","14,105.00",0.19K,1.14%
3/1/2021,"14,250.00","14,250.00","14,307.50","14,240.00",0.10K,0.07%
3/2/2021,"14,300.00","14,275.00","14,330.00","14,265.00",0.07K,0.35%
3/3/2021,"14,240.00","14,325.00","14,330.50","14,240.00",0.14K,-0.42%
3/4/2021,"14,260.00","14,265.00","14,305.00","14,250.00",0.12K,0.14%
3/5/2021,"14,290.00","14,315.00","14,360.00","14,280.00",0.09K,0.21%
3/8/2021,"14,350.00","14,350.00","14,382.50","14,335.00",0.08K,0.42%
3/9/2021,"14,390.00","14,415.00","14,475.00","14,395.00",0.10K,0.28%
3/10/2021,"14,395.00","14,390.00","14,425.00","14,390.00",0.05K,0.03%
3/12/2021,"14,380.00","14,355.00","14,396.00","14,325.00",0.10K,-0.10%
3/15/2021,"14,395.00","14,400.00","14,422.50","14,390.00",0.07K,0.10%
3/16/2021,"14,400.00","14,402.50","14,422.50","14,395.00",0.08K,0.03%
3/17/2021,"14,425.00","14,430.00","14,465.00","14,415.00",0.10K,0.17%
3/18/2021,"14,390.00","14,385.00","14,415.00","14,375.00",0.09K,-0.24%
3/19/2021,"14,400.00","14,410.00","14,475.00","14,400.00",0.14K,0.07%
3/22/2021,"14,400.00","14,415.00","14,452.50","14,397.00",0.11K,0.00%
3/23/2021,"14,390.00","14,400.00","14,425.00","14,390.00",0.08K,-0.07%
3/24/2021,"14,420.00","14,422.50","14,460.00","14,410.00",0.07K,0.21%
3/25/2021,"14,420.00","14,435.00","14,465.00","14,425.00",0.10K,0.00%
3/26/2021,"14,410.00","14,445.00","14,458.00","14,417.50",0.13K,-0.07%
3/29/2021,"14,440.00","14,420.00","14,455.00","14,420.00",0.07K,0.21%
3/30/2021,"14,470.00","14,450.00","14,502.50","14,450.00",0.09K,0.21%
3/31/2021,"14,520.00","14,480.00","14,582.00","14,480.00",0.11K,0.35%
4/1/2021,"14,520.00","14,530.00","14,594.50","14,525.00",0.08K,0.00%
4/5/2021,"14,510.00","14,520.00","14,535.00","14,510.00",0.05K,-0.07%
4/6/2021,"14,500.00","14,490.00","14,525.00","14,490.00",0.09K,-0.07%
4/7/2021,"14,490.00","14,470.00","14,517.50","14,470.00",0.05K,-0.07%
4/8/2021,"14,530.00","14,510.00","14,578.50","14,510.00",0.09K,0.28%
4/9/2021,"14,560.00","14,550.00","14,587.50","14,540.00",0.10K,0.21%
4/12/2021,"14,590.00","14,575.00","14,630.00","14,575.00",0.09K,0.21%
4/13/2021,"14,600.00","14,610.00","14,627.50","14,595.00",0.12K,0.07%
4/14/2021,"14,600.00","14,622.50","14,622.50","14,592.50",0.08K,0.00%
4/15/2021,"14,600.00","14,610.00","14,634.00","14,600.00",0.09K,0.00%
4/16/2021,"14,560.00","14,620.00","14,630.00","14,550.00",0.12K,-0.27%
4/19/2021,"14,545.00","14,537.50","14,570.00","14,525.00",0.07K,-0.10%
4/20/2021,"14,495.00","14,515.00","14,535.00","14,482.50",0.16K,-0.34%
4/21/2021,"14,525.00","14,525.00","14,551.00","14,510.00",0.09K,0.21%
4/22/2021,"14,515.00","14,515.00","14,539.00","14,510.00",0.10K,-0.07%
4/23/2021,"14,520.00","14,525.00","14,560.00","14,520.00",0.11K,0.03%
4/26/2021,"14,480.00","14,515.00","14,515.00","14,475.00",0.14K,-0.28%
4/27/2021,"14,480.00","14,490.00","14,508.50","14,477.00",0.18K,0.00%
4/28/2021,"14,495.00","14,490.00","14,525.00","14,487.50",0.13K,0.10%
4/29/2021,"14,445.00","14,430.00","14,475.00","14,425.00",0.13K,-0.34%
4/30/2021,"14,440.00","14,430.00","14,507.50","14,424.50",0.12K,-0.03%
5/3/2021,"14,445.00","14,450.00","14,480.00","14,447.50",0.11K,0.03%
5/4/2021,"14,425.00","14,460.00","14,465.00","14,412.50",0.16K,-0.14%
5/5/2021,"14,430.00","14,440.00","14,450.00","14,426.00",0.15K,0.03%
5/6/2021,"14,315.00","14,415.00","14,425.00","14,313.00",0.24K,-0.80%
5/7/2021,"14,280.00","14,272.50","14,312.50","14,247.00",0.16K,-0.24%
5/10/2021,"14,195.00","14,145.00","14,212.50","14,140.00",0.16K,-0.60%
5/11/2021,"14,195.00","14,200.00","14,215.00","14,187.00",0.16K,0.00%
5/17/2021,"14,280.00","14,250.00","14,300.00","14,215.00",0.17K,0.60%
5/18/2021,"14,270.00","14,300.00","14,316.00","14,270.00",0.22K,-0.07%
5/19/2021,"14,275.00","14,295.00","14,324.00","14,280.00",0.16K,0.04%
5/20/2021,"14,370.00","14,310.00","14,405.00","14,310.00",0.23K,0.67%
5/21/2021,"14,350.00","14,340.00","14,392.50","14,340.00",0.25K,-0.14%
5/24/2021,"14,350.00","14,350.00","14,367.50","14,340.00",0.11K,0.00%
5/25/2021,"14,325.00","14,325.00","14,345.00","14,315.00",0.23K,-0.17%
5/27/2021,"14,285.00","14,320.00","14,336.50","14,278.50",0.20K,-0.28%
5/28/2021,"14,280.00","14,305.00","14,322.50","14,285.00",0.15K,-0.04%
5/31/2021,"14,275.00","14,295.00","14,312.00","14,280.00",0.16K,-0.04%
6/2/2021,"14,275.00","14,265.00","14,292.50","14,247.50",0.17K,0.00%
6/3/2021,"14,280.00","14,275.00","14,312.50","14,265.00",0.14K,0.04%
6/4/2021,"14,290.00","14,295.00","14,325.00","14,295.00",0.12K,0.07%
6/7/2021,"14,260.00","14,275.00","14,288.00","14,247.50",0.17K,-0.21%
6/8/2021,"14,250.00","14,265.00","14,272.50","14,250.00",0.10K,-0.07%
6/9/2021,"14,250.00","14,265.00","14,274.00","14,245.00",0.17K,0.00%
6/10/2021,"14,245.00","14,260.00","14,265.00","14,222.50",0.14K,-0.04%
6/11/2021,"14,188.00","14,222.50","14,242.50","14,183.00",0.24K,-0.40%
6/14/2021,"14,200.00","14,200.00","14,232.50","14,197.50",0.15K,0.08%
6/15/2021,"14,220.00","14,210.00","14,247.50","14,210.00",0.18K,0.14%
6/16/2021,"14,235.00","14,235.00","14,267.50","14,235.00",0.19K,0.11%
6/17/2021,"14,350.00","14,300.00","14,385.00","14,295.00",0.25K,0.81%
6/18/2021,"14,370.00","14,375.00","14,402.50","14,370.00",0.12K,0.14%
6/21/2021,"14,425.00","14,390.00","14,460.00","14,390.00",0.12K,0.38%
6/22/2021,"14,400.00","14,420.00","14,437.50","14,397.50",0.21K,-0.17%
6/23/2021,"14,430.00","14,440.00","14,467.50","14,415.00",0.08K,0.21%
6/24/2021,"14,435.00","14,440.00","14,466.00","14,432.50",0.10K,0.03%
6/25/2021,"14,420.00","14,420.00","14,450.00","14,415.00",0.08K,-0.10%
6/28/2021,"14,440.00","14,415.00","14,475.00","14,415.00",0.15K,0.14%
6/29/2021,"14,480.00","14,455.00","14,494.00","14,455.00",0.09K,0.28%
6/30/2021,"14,495.00","14,500.00","14,560.00","14,497.50",0.17K,0.10%
7/1/2021,"14,500.00","14,510.00","14,555.00","14,500.00",0.12K,0.03%
7/2/2021,"14,530.00","14,515.00","14,572.50","14,515.00",0.11K,0.21%
7/5/2021,"14,476.00","14,487.50","14,510.00","14,470.00",0.10K,-0.37%
7/6/2021,"14,465.00","14,475.00","14,485.00","14,456.00",0.11K,-0.08%
7/7/2021,"14,480.00","14,485.00","14,512.50","14,472.50",0.10K,0.10%
7/8/2021,"14,520.00","14,495.00","14,557.50","14,492.50",0.13K,0.28%
7/9/2021,"14,525.00","14,535.00","14,559.50","14,525.00",0.11K,0.03%
7/12/2021,"14,490.00","14,485.00","14,502.50","14,471.50",0.10K,-0.24%
7/13/2021,"14,462.00","14,505.00","14,515.00","14,459.00",0.13K,-0.19%
7/14/2021,"14,475.00","14,485.00","14,502.50","14,477.50",0.18K,0.09%
7/15/2021,"14,480.00","14,480.00","14,512.50","14,472.50",0.14K,0.03%
7/16/2021,"14,495.00","14,515.00","14,542.50","14,490.00",0.10K,0.10%
7/19/2021,"14,515.00","14,512.50","14,537.50","14,505.00",0.14K,0.14%
7/21/2021,"14,540.00","14,530.00","14,560.00","14,530.00",0.13K,0.17%
7/22/2021,"14,480.00","14,500.00","14,518.00","14,482.50",0.10K,-0.41%
7/23/2021,"14,490.00","14,500.00","14,512.50","14,488.50",0.11K,0.07%
7/26/2021,"14,480.00","14,510.00","14,522.50","14,470.00",0.17K,-0.07%
7/27/2021,"14,490.00","14,473.50","14,497.50","14,465.00",0.14K,0.07%
7/28/2021,"14,485.00","14,500.00","14,512.50","14,485.00",0.16K,-0.03%
7/29/2021,"14,480.00","14,490.00","14,502.50","14,482.50",0.16K,-0.03%
7/30/2021,"14,460.00","14,435.00","14,477.50","14,434.50",0.13K,-0.14%
8/2/2021,"14,420.00","14,465.00","14,472.50","14,422.50",0.17K,-0.28%
8/3/2021,"14,340.00","14,375.00","14,388.00","14,338.50",0.26K,-0.55%
8/4/2021,"14,310.00","14,325.00","14,347.50","14,304.50",0.20K,-0.21%
8/5/2021,"14,340.00","14,330.00","14,360.00","14,321.00",0.14K,0.21%
8/6/2021,"14,350.00","14,360.00","14,377.50","14,347.50",0.17K,0.07%
8/9/2021,"14,360.00","14,370.00","14,387.50","14,357.50",0.10K,0.07%
8/10/2021,"14,380.00","14,375.00","14,402.00","14,375.00",0.17K,0.14%
8/12/2021,"14,380.00","14,395.00","14,407.50","14,366.00",0.18K,0.00%
8/13/2021,"14,385.00","14,382.50","14,395.00","14,366.00",0.08K,0.03%
8/16/2021,"14,370.00","14,390.00","14,395.00","14,371.50",0.17K,-0.10%
8/18/2021,"14,370.00","14,387.50","14,400.00","14,372.50",0.18K,0.00%
8/19/2021,"14,400.00","14,405.00","14,425.00","14,392.50",0.16K,0.21%
8/20/2021,"14,450.00","14,475.00","14,485.00","14,422.50",0.23K,0.35%
8/23/2021,"14,410.00","14,435.00","14,438.50","14,404.00",0.18K,-0.28%
8/24/2021,"14,390.00","14,395.00","14,407.50","14,377.50",0.19K,-0.14%
8/25/2021,"14,395.00","14,405.00","14,421.00","14,387.50",0.15K,0.03%
8/26/2021,"14,415.00","14,425.00","14,433.50","14,408.50",0.26K,0.14%
8/27/2021,"14,415.00","14,425.00","14,447.50","14,412.50",0.15K,0.00%
8/30/2021,"14,368.00","14,405.00","14,410.00","14,359.50",0.19K,-0.33%
8/31/2021,"14,265.00","14,345.00","14,350.50","14,260.00",0.23K,-0.72%
9/1/2021,"14,280.00","14,265.00","14,305.00","14,255.00",0.21K,0.11%
9/2/2021,"14,270.00","14,265.00","14,290.00","14,260.00",0.18K,-0.07%
9/3/2021,"14,260.00","14,270.00","14,270.00","14,252.50",0.15K,-0.07%
9/6/2021,"14,220.00","14,247.50","14,260.00","14,210.00",0.16K,-0.28%
9/7/2021,"14,210.00","14,220.00","14,220.00","14,176.50",0.17K,-0.07%
9/8/2021,"14,250.00","14,240.00","14,277.50","14,232.50",0.19K,0.28%
9/9/2021,"14,250.00","14,280.00","14,283.50","14,252.50",0.20K,0.00%
9/10/2021,"14,200.00","14,275.00","14,275.00","14,195.50",0.20K,-0.35%
9/13/2021,"14,250.00","14,245.00","14,270.00","14,220.00",0.16K,0.35%
9/14/2021,"14,245.00","14,257.50","14,267.50","14,241.50",0.17K,-0.04%
9/15/2021,"14,240.00","14,257.50","14,267.50","14,235.00",0.20K,-0.04%
9/16/2021,"14,250.00","14,230.00","14,261.50","14,217.50",0.12K,0.07%
9/17/2021,"14,225.00","14,275.00","14,282.50","14,195.00",0.15K,-0.18%
9/20/2021,"14,240.00","14,270.00","14,287.50","14,237.50",0.12K,0.11%
9/21/2021,"14,235.00","14,255.00","14,260.00","14,235.50",0.14K,-0.04%
9/22/2021,"14,240.00","14,245.00","14,256.00","14,236.00",0.13K,0.04%
9/23/2021,"14,240.00","14,250.00","14,265.00","14,236.00",0.18K,0.00%
9/24/2021,"14,255.00","14,245.00","14,266.50","14,228.50",0.13K,0.11%
9/27/2021,"14,250.00","14,260.00","14,270.00","14,247.50",0.12K,-0.04%
9/28/2021,"14,270.00","14,265.00","14,287.50","14,253.50",0.16K,0.14%
9/29/2021,"14,290.00","14,295.00","14,330.00","14,292.50",0.12K,0.14%
9/30/2021,"14,310.00","14,317.50","14,332.50","14,305.50",0.13K,0.14%
10/1/2021,"14,305.00","14,310.00","14,330.00","14,305.00",0.14K,-0.03%
10/4/2021,"14,265.00","14,307.50","14,336.50","14,258.00",0.13K,-0.28%
10/5/2021,"14,248.00","14,270.00","14,275.00","14,245.50",0.21K,-0.12%
10/6/2021,"14,250.00","14,240.00","14,260.00","14,228.00",0.11K,0.01%
10/7/2021,"14,215.00","14,250.00","14,257.50","14,212.00",0.13K,-0.25%
10/8/2021,"14,220.00","14,210.00","14,237.50","14,197.50",0.12K,0.04%
10/11/2021,"14,205.00","14,215.00","14,223.00","14,201.50",0.14K,-0.11%
10/12/2021,"14,215.00","14,215.00","14,225.00","14,203.00",0.14K,0.07%
10/13/2021,"14,215.00","14,220.00","14,229.00","14,210.00",0.15K,0.00%
10/14/2021,"14,115.00","14,197.50","14,202.50","14,092.50",0.24K,-0.70%
10/15/2021,"14,070.00","14,085.00","14,097.50","14,062.00",0.18K,-0.32%
10/18/2021,"14,105.00","14,060.00","14,115.00","14,040.00",0.10K,0.25%
10/19/2021,"14,073.00","14,067.50","14,092.50","14,059.50",0.15K,-0.23%
10/21/2021,"14,120.00","14,100.00","14,152.50","14,092.50",0.13K,0.33%
10/22/2021,"14,120.00","14,140.00","14,169.00","14,122.50",0.14K,0.00%
10/25/2021,"14,155.00","14,165.00","14,190.00","14,157.50",0.14K,0.25%
10/26/2021,"14,150.00","14,155.00","14,172.50","14,142.50",0.13K,-0.04%
10/27/2021,"14,170.00","14,160.00","14,193.50","14,154.50",0.13K,0.14%
10/28/2021,"14,170.00","14,190.00","14,215.00","14,172.50",0.13K,0.00%
10/29/2021,"14,165.00","14,167.50","14,177.50","14,157.00",0.13K,-0.04%
11/1/2021,"14,245.00","14,185.00","14,261.50","14,185.00",0.13K,0.56%
11/2/2021,"14,250.00","14,260.00","14,271.00","14,245.00",0.12K,0.04%
11/3/2021,"14,295.00","14,272.50","14,315.00","14,262.50",0.12K,0.32%
11/4/2021,"14,335.00","14,312.50","14,350.00","14,299.50",0.12K,0.28%
11/5/2021,"14,325.00","14,360.00","14,392.50","14,325.00",0.13K,-0.07%
11/8/2021,"14,255.00","14,325.00","14,332.50","14,254.00",0.12K,-0.49%
11/9/2021,"14,240.00","14,237.50","14,247.50","14,220.00",0.14K,-0.11%
11/10/2021,"14,250.00","14,255.00","14,265.00","14,241.00",0.12K,0.07%
11/11/2021,"14,260.00","14,295.00","14,310.00","14,262.50",0.12K,0.07%
11/12/2021,"14,233.00","14,265.00","14,271.50","14,232.50",0.13K,-0.19%
11/15/2021,"14,210.00","14,215.00","14,220.00","14,187.50",0.10K,-0.16%
11/16/2021,"14,220.00","14,200.00","14,226.00","14,195.00",0.12K,0.07%
11/17/2021,"14,240.00","14,245.00","14,272.50","14,237.50",0.16K,0.14%
11/18/2021,"14,225.00","14,245.00","14,247.50","14,223.00",0.14K,-0.11%
11/19/2021,"14,235.00","14,210.00","14,242.50","14,210.00",0.07K,0.07%
11/22/2021,"14,245.00","14,245.00","14,265.00","14,245.00",0.09K,0.07%
11/23/2021,"14,255.00","14,257.50","14,277.50","14,255.00",0.16K,0.07%
11/24/2021,"14,255.00","14,275.00","14,281.00","14,257.50",0.10K,0.00%
11/25/2021,"14,265.00","14,262.50","14,290.00","14,262.50",0.15K,0.07%
11/26/2021,"14,300.00","14,275.00","14,345.00","14,275.00",0.10K,0.25%
11/29/2021,"14,320.00","14,370.00","14,375.00","14,312.50",0.09K,0.14%
11/30/2021,"14,320.00","14,315.00","14,347.50","14,292.50",0.17K,0.00%
12/1/2021,"14,340.00","14,344.00","14,362.50","14,334.50",0.15K,0.14%
12/2/2021,"14,375.00","14,350.00","14,382.50","14,350.00",0.12K,0.24%
12/3/2021,"14,395.00","14,405.00","14,412.50","14,392.50",0.10K,0.14%
12/6/2021,"14,435.00","14,440.00","14,449.00","14,417.50",0.15K,0.28%
12/7/2021,"14,375.00","14,417.50","14,432.50","14,377.50",0.16K,-0.42%
12/8/2021,"14,355.00","14,350.00","14,362.50","14,335.00",0.14K,-0.14%
12/9/2021,"14,350.00","14,320.00","14,372.50","14,310.00",0.15K,-0.03%
12/10/2021,"14,370.00","14,380.00","14,390.00","14,367.00",0.13K,0.14%
12/13/2021,"14,340.00","14,357.50","14,366.50","14,327.50",0.10K,-0.21%
12/14/2021,"14,330.00","14,340.00","14,353.50","14,330.00",0.09K,-0.07%
12/15/2021,"14,330.00","14,337.50","14,345.00","14,329.00",0.10K,0.00%
12/16/2021,"14,340.00","14,335.00","14,367.50","14,315.00",0.13K,0.07%
12/17/2021,"14,365.00","14,365.00","14,391.50","14,360.00",0.12K,0.17%
12/20/2021,"14,375.00","14,387.50","14,392.50","14,367.50",0.11K,0.07%
12/21/2021,"14,313.00","14,387.50","14,392.50","14,305.00",0.11K,-0.43%
12/22/2021,"14,285.00","14,280.00","14,293.50","14,235.00",0.14K,-0.20%
12/23/2021,"14,247.00","14,220.00","14,260.00","14,217.50",0.09K,-0.27%
12/24/2021,"14,220.00","14,185.00","14,242.50","14,180.00",0.10K,-0.19%
12/27/2021,"14,225.00","14,225.00","14,241.50","14,207.50",0.14K,0.04%
12/28/2021,"14,225.00","14,225.00","14,244.50","14,220.00",0.13K,0.00%
12/29/2021,"14,250.00","14,240.00","14,276.50","14,235.00",0.17K,0.18%
12/30/2021,"14,265.00","14,242.50","14,280.00","14,237.50",0.11K,0.11%
12/31/2021,"14,250.00","14,280.00","14,287.50","14,240.00",0.09K,-0.11%
1/3/2022,"14,264.00","14,255.00","14,276.50","14,249.00",0.11K,0.10%
1/4/2022,"14,300.00","14,287.50","14,327.50","14,270.00",0.14K,0.25%
1/5/2022,"14,355.00","14,347.50","14,371.50","14,335.00",0.17K,0.38%
1/6/2022,"14,390.00","14,394.00","14,404.00","14,377.00",0.16K,0.24%
1/7/2022,"14,355.00","14,375.00","14,377.50","14,352.50",0.12K,-0.24%
1/10/2022,"14,305.00","14,312.50","14,342.50","14,296.00",0.19K,-0.35%
1/11/2022,"14,300.00","14,302.50","14,315.00","14,272.50",0.21K,-0.03%
1/12/2022,"14,315.00","14,295.00","14,322.50","14,284.00",0.24K,0.10%
1/13/2022,"14,290.00","14,315.00","14,322.00","14,292.00",0.20K,-0.17%
1/14/2022,"14,295.00","14,305.00","14,319.50","14,293.00",0.15K,0.03%
1/17/2022,"14,315.00","14,312.50","14,330.00","14,296.50",0.11K,0.14%
1/18/2022,"14,335.00","14,306.50","14,346.00","14,299.00",0.18K,0.14%
1/19/2022,"14,360.00","14,357.50","14,377.50","14,334.50",0.15K,0.17%
1/20/2022,"14,335.00","14,335.00","14,365.00","14,330.00",0.17K,-0.17%
1/21/2022,"14,335.00","14,355.00","14,362.50","14,335.00",0.16K,0.00%
1/24/2022,"14,340.00","14,315.00","14,353.00","14,304.50",0.12K,0.03%
1/25/2022,"14,350.00","14,350.00","14,363.50","14,345.50",0.16K,0.07%
1/26/2022,"14,350.00","14,317.50","14,357.50","14,317.50",0.12K,0.00%
1/27/2022,"14,385.00","14,380.00","14,395.00","14,363.50",0.13K,0.24%
1/28/2022,"14,385.00","14,375.00","14,395.00","14,357.50",0.17K,0.00%
1/31/2022,"14,380.00","14,405.00","14,412.50","14,365.00",0.12K,-0.03%
2/2/2022,"14,355.00","14,315.00","14,362.50","14,315.00",0.18K,-0.17%
2/3/2022,"14,375.00","14,365.00","14,390.00","14,357.50",0.11K,0.14%
2/4/2022,"14,378.00","14,375.00","14,381.50","14,365.00",0.08K,0.02%
2/7/2022,"14,395.00","14,387.50","14,409.00","14,377.50",0.07K,0.12%
2/8/2022,"14,390.00","14,387.50","14,396.00","14,375.00",0.10K,-0.03%
2/9/2022,"14,355.00","14,375.00","14,380.00","14,357.50",0.08K,-0.24%
2/10/2022,"14,340.00","14,350.00","14,352.00","14,330.00",0.08K,-0.10%
2/11/2022,"14,350.00","14,347.50","14,367.50","14,346.50",0.15K,0.07%
2/14/2022,"14,325.00","14,350.00","14,355.00","14,321.00",0.10K,-0.17%
2/15/2022,"14,300.00","14,315.00","14,315.00","14,271.50",0.13K,-0.17%
2/16/2022,"14,255.00","14,277.50","14,297.50","14,249.00",0.17K,-0.31%
2/17/2022,"14,315.00","14,252.50","14,325.00","14,250.00",0.22K,0.42%
2/18/2022,"14,325.00","14,327.50","14,355.00","14,318.50",0.17K,0.07%
2/21/2022,"14,325.00","14,360.00","14,360.00","14,316.00",0.13K,0.00%
2/22/2022,"14,361.00","14,345.00","14,372.50","14,332.00",0.20K,0.25%
2/23/2022,"14,335.00","14,350.00","14,365.00","14,337.50",0.13K,-0.18%
2/24/2022,"14,380.00","14,357.50","14,390.00","14,332.50",0.13K,0.31%
2/25/2022,"14,365.00","14,377.50","14,382.50","14,359.00",0.12K,-0.10%
3/1/2022,"14,335.00","14,355.00","14,370.00","14,333.50",0.11K,-0.21%
3/2/2022,"14,385.00","14,357.50","14,390.00","14,337.00",0.12K,0.35%
3/4/2022,"14,385.00","14,385.00","14,395.00","14,371.50",0.09K,0.00%
3/7/2022,"14,405.00","14,415.00","14,420.00","14,401.00",0.12K,0.14%
3/8/2022,"14,395.00","14,392.50","14,405.00","14,382.00",0.11K,-0.07%
3/9/2022,"14,345.00","14,350.00","14,386.00","14,344.00",0.12K,-0.35%
3/10/2022,"14,275.00","14,295.00","14,320.00","14,260.00",0.12K,-0.49%
3/11/2022,"14,300.00","14,290.00","14,317.50","14,281.00",0.12K,0.18%
3/14/2022,"14,330.00","14,312.50","14,342.50","14,307.50",0.11K,0.21%
3/15/2022,"14,325.00","14,342.50","14,347.50","14,295.00",0.17K,-0.03%
3/16/2022,"14,310.00","14,300.00","14,322.50","14,292.50",0.10K,-0.10%
3/17/2022,"14,300.00","14,290.00","14,305.00","14,260.00",0.08K,-0.07%
3/18/2022,"14,340.00","14,312.50","14,347.50","14,312.50",0.09K,0.28%
3/21/2022,"14,338.00","14,345.00","14,347.50","14,330.50",0.13K,-0.01%
3/22/2022,"14,356.00","14,350.00","14,371.00","14,346.50",0.10K,0.13%
3/23/2022,"14,345.00","14,337.50","14,361.50","14,334.50",0.10K,-0.08%
3/24/2022,"14,344.00","14,380.00","14,380.00","14,348.50",0.12K,-0.01%
3/25/2022,"14,340.00","14,340.00","14,347.50","14,332.50",0.10K,-0.03%
3/28/2022,"14,362.00","14,345.00","14,366.50","14,344.00",0.09K,0.15%
3/29/2022,"14,363.00","14,367.50","14,371.00","14,352.50",0.12K,0.01%
3/30/2022,"14,340.00","14,340.00","14,358.50","14,332.50",0.08K,-0.16%
3/31/2022,"14,368.00","14,340.00","14,369.00","14,334.50",0.09K,0.20%
4/1/2022,"14,365.00","14,360.00","14,370.00","14,352.50",0.07K,-0.02%
4/4/2022,"14,353.00","14,365.00","14,372.50","14,351.00",0.08K,-0.08%
4/5/2022,"14,345.00","14,340.00","14,353.50","14,337.50",0.11K,-0.06%
4/6/2022,"14,355.00","14,365.00","14,376.50","14,353.00",0.12K,0.07%
4/7/2022,"14,358.00","14,362.50","14,368.50","14,351.00",0.12K,0.02%
4/8/2022,"14,360.00","14,375.00","14,386.00","14,355.00",0.12K,0.01%
4/11/2022,"14,365.00","14,375.00","14,380.00","14,362.50",0.10K,0.03%
4/12/2022,"14,360.00","14,365.00","14,367.50","14,357.50",0.11K,-0.03%
4/13/2022,"14,362.00","14,355.00","14,370.00","14,353.50",0.10K,0.01%
4/14/2022,"14,343.00","14,356.50","14,360.00","14,342.00",0.11K,-0.13%
4/18/2022,"14,353.00","14,366.50","14,366.50","14,349.50",0.08K,0.07%
4/19/2022,"14,335.00","14,357.50","14,360.00","14,328.00",0.14K,-0.13%
4/20/2022,"14,355.00","14,355.00","14,365.00","14,342.50",0.14K,0.14%
4/21/2022,"14,343.00","14,347.50","14,355.50","14,339.00",0.14K,-0.08%
4/22/2022,"14,356.00","14,360.00","14,367.50","14,352.50",0.16K,0.09%
4/25/2022,"14,455.00","14,460.00","14,477.50","14,422.50",0.17K,0.69%
4/26/2022,"14,410.00","14,447.50","14,450.00","14,393.00",0.12K,-0.31%
4/27/2022,"14,420.00","14,420.00","14,435.00","14,404.50",0.11K,0.07%
4/28/2022,"14,495.00","14,450.00","14,502.50","14,442.50",0.16K,0.52%
5/9/2022,"14,555.00","14,510.00","14,562.50","14,502.50",0.11K,0.41%
5/10/2022,"14,555.00","14,565.00","14,570.00","14,531.00",0.11K,0.00%
5/11/2022,"14,555.00","14,530.00","14,561.00","14,524.00",0.09K,0.00%
5/12/2022,"14,595.00","14,540.00","14,602.50","14,537.50",0.12K,0.27%
5/13/2022,"14,610.00","14,610.00","14,627.50","14,594.50",0.12K,0.10%
5/17/2022,"14,645.00","14,617.50","14,669.00","14,615.00",0.18K,0.24%
5/18/2022,"14,685.00","14,640.00","14,692.50","14,640.00",0.15K,0.27%
5/19/2022,"14,730.00","14,671.50","14,738.00","14,671.50",0.14K,0.31%
5/20/2022,"14,650.00","14,625.00","14,677.50","14,624.50",0.13K,-0.54%
5/23/2022,"14,670.00","14,645.00","14,677.50","14,637.50",0.11K,0.14%
5/24/2022,"14,655.00","14,662.50","14,670.00","14,642.00",0.15K,-0.10%
5/25/2022,"14,630.00","14,645.00","14,663.50","14,627.50",0.16K,-0.17%
5/27/2022,"14,575.00","14,605.00","14,607.50","14,557.50",0.13K,-0.38%
5/30/2022,"14,557.00","14,532.50","14,558.50","14,520.00",0.13K,-0.12%
5/31/2022,"14,580.00","14,569.00","14,602.00","14,555.00",0.18K,0.16%
6/2/2022,"14,480.00","14,572.50","14,585.00","14,478.50",0.16K,-0.69%
6/3/2022,"14,435.00","14,435.00","14,452.50","14,420.00",0.11K,-0.31%
6/6/2022,"14,450.00","14,455.00","14,470.00","14,449.00",0.16K,0.10%
6/7/2022,"14,454.00","14,462.50","14,472.50","14,454.50",0.18K,0.03%
6/8/2022,"14,490.00","14,465.00","14,497.50","14,456.50",0.12K,0.25%
6/9/2022,"14,560.00","14,512.50","14,568.50","14,512.50",0.16K,0.48%
6/10/2022,"14,550.00","14,580.00","14,587.50","14,544.00",0.15K,-0.07%
6/13/2022,"14,678.00","14,660.00","14,686.50","14,642.50",0.17K,0.88%
6/14/2022,"14,695.00","14,740.00","14,771.00","14,685.00",0.20K,0.12%
6/15/2022,"14,740.00","14,707.50","14,759.00","14,697.50",0.22K,0.31%
6/16/2022,"14,765.00","14,727.50","14,770.00","14,705.00",0.17K,0.17%
6/17/2022,"14,821.00","14,835.00","14,841.50","14,727.50",0.21K,0.38%
6/20/2022,"14,830.00","14,840.00","14,851.50","14,815.00",0.15K,0.06%
6/21/2022,"14,810.00","14,820.00","14,832.50","14,767.50",0.21K,-0.13%
6/22/2022,"14,865.00","14,820.00","14,873.50","14,814.00",0.19K,0.37%
6/23/2022,"14,835.00","14,840.00","14,847.50","14,812.50",0.17K,-0.20%
6/24/2022,"14,845.00","14,844.00","14,852.50","14,827.50",0.16K,0.07%
6/27/2022,"14,800.00","14,810.00","14,820.00","14,787.50",0.11K,-0.30%
6/28/2022,"14,835.00","14,827.50","14,847.50","14,800.00",0.17K,0.24%
6/29/2022,"14,849.00","14,850.00","14,856.00","14,820.00",0.16K,0.09%
6/30/2022,"14,895.00","14,860.00","14,897.50","14,830.00",0.19K,0.31%
7/1/2022,"14,935.00","14,925.00","14,972.50","14,862.50",0.15K,0.27%
7/4/2022,"14,965.00","14,945.00","14,971.50","14,927.00",0.14K,0.20%
7/5/2022,"14,985.00","14,975.00","14,995.00","14,962.50",0.15K,0.13%
7/6/2022,"14,995.00","15,017.50","15,032.50","14,988.00",0.17K,0.07%
7/7/2022,"14,995.00","14,982.50","14,996.00","14,965.00",0.19K,0.00%
7/8/2022,"14,975.00","14,985.00","14,988.50","14,957.50",0.20K,-0.13%
7/11/2022,"14,970.00","14,982.50","14,982.50","14,951.50",0.14K,-0.03%
7/12/2022,"14,985.00","14,982.50","14,996.00","14,976.00",0.14K,0.10%
7/13/2022,"14,985.00","14,975.00","14,996.50","14,966.50",0.13K,0.00%
7/14/2022,"14,990.00","14,994.50","14,998.00","14,986.50",0.14K,0.03%
7/15/2022,"14,990.00","14,994.50","14,998.00","14,977.50",0.08K,0.00%
7/18/2022,"14,982.00","14,974.50","14,995.00","14,950.00",0.15K,-0.05%
7/19/2022,"14,975.00","14,982.50","14,996.50","14,977.00",0.14K,-0.05%
7/20/2022,"14,985.00","14,977.50","14,992.00","14,970.00",0.10K,0.07%
7/21/2022,"15,030.00","14,990.00","15,036.50","14,990.00",0.19K,0.30%
7/22/2022,"15,015.00","15,030.00","15,037.50","15,007.50",0.14K,-0.10%
7/25/2022,"14,995.00","15,000.00","15,010.00","14,967.50",0.12K,-0.13%
7/26/2022,"14,995.00","14,957.50","15,002.50","14,940.00",0.10K,0.00%
7/27/2022,"15,010.00","14,997.00","15,025.00","14,919.00",0.15K,0.10%
7/28/2022,"14,930.00","14,937.50","14,977.50","14,917.50",0.18K,-0.53%
7/29/2022,"14,830.00","14,855.00","14,887.50","14,830.00",0.16K,-0.67%
8/1/2022,"14,870.00","14,850.00","14,887.50","14,847.00",0.13K,0.27%
8/2/2022,"14,890.00","14,865.00","14,992.50","14,862.50",0.19K,0.13%
8/3/2022,"14,910.00","14,910.00","14,925.00","14,890.00",0.17K,0.13%
8/4/2022,"14,930.00","14,910.00","14,939.00","14,897.50",0.16K,0.13%
8/5/2022,"14,890.00","14,885.00","14,920.00","14,877.50",0.14K,-0.27%
8/8/2022,"14,875.00","14,922.50","14,940.00","14,877.50",0.17K,-0.10%
8/9/2022,"14,850.00","14,865.00","14,876.00","14,847.50",0.22K,-0.17%
8/10/2022,"14,870.00","14,867.50","14,880.50","14,865.00",0.12K,0.13%
8/11/2022,"14,765.00","14,815.00","14,869.50","14,760.00",0.18K,-0.71%
8/12/2022,"14,665.00","14,745.00","14,755.00","14,659.00",0.14K,-0.68%
8/15/2022,"14,740.00","14,685.00","14,744.00","14,685.00",0.16K,0.51%
8/16/2022,"14,765.00","14,775.00","14,782.50","14,751.50",0.15K,0.17%
8/18/2022,"14,830.00","14,777.50","14,844.00","14,777.50",0.16K,0.44%
8/19/2022,"14,835.00","14,860.00","14,875.00","14,837.50",0.17K,0.03%
8/22/2022,"14,885.00","14,875.00","14,895.00","14,860.00",0.13K,0.34%
8/23/2022,"14,835.00","14,897.50","14,921.50","14,825.00",0.13K,-0.34%
8/24/2022,"14,845.00","14,847.50","14,872.50","14,822.00",0.15K,0.07%
8/25/2022,"14,820.00","14,827.50","14,837.50","14,815.00",0.15K,-0.17%
8/26/2022,"14,815.00","14,797.50","14,829.00","14,797.00",0.17K,-0.03%
8/29/2022,"14,895.00","14,865.00","14,902.50","14,840.00",0.13K,0.54%
8/30/2022,"14,840.00","14,887.50","14,896.00","14,840.00",0.17K,-0.37%
8/31/2022,"14,840.00","14,847.50","14,862.50","14,837.50",0.16K,0.00%
9/1/2022,"14,880.00","14,865.00","14,892.50","14,865.00",0.14K,0.27%
9/2/2022,"14,895.00","14,897.50","14,907.50","14,872.50",0.14K,0.10%
9/5/2022,"14,900.00","14,885.00","14,932.50","14,885.00",0.18K,0.03%
9/6/2022,"14,885.00","14,887.50","14,897.50","14,869.50",0.17K,-0.10%
9/7/2022,"14,915.00","14,912.50","14,936.50","14,825.00",0.20K,0.20%
9/8/2022,"14,895.00","14,897.50","14,915.00","14,893.50",0.16K,-0.13%
9/9/2022,"14,828.00","14,875.00","14,885.00","14,817.50",0.19K,-0.45%
9/12/2022,"14,840.00","14,822.50","14,846.50","14,815.00",0.17K,0.08%
9/13/2022,"14,850.00","14,852.50","14,876.00","14,846.00",0.21K,0.07%
9/14/2022,"14,905.00","14,935.00","14,944.00","14,874.00",0.27K,0.37%
9/15/2022,"14,895.00","14,910.00","14,912.50","14,877.50",0.18K,-0.07%
9/16/2022,"14,950.00","14,930.00","14,962.50","14,921.50",0.21K,0.37%
9/19/2022,"14,975.00","14,970.00","14,989.00","14,960.00",0.18K,0.17%
9/20/2022,"14,980.00","14,980.00","14,990.00","14,964.00",0.19K,0.03%
9/21/2022,"14,995.00","15,017.50","15,024.00","14,997.50",0.18K,0.10%
9/22/2022,"15,015.00","15,007.50","15,042.50","15,007.50",0.14K,0.13%
9/23/2022,"15,035.00","15,010.00","15,043.50","15,010.00",0.11K,0.13%
9/26/2022,"15,125.00","15,060.00","15,132.50","15,060.00",0.12K,0.60%
9/27/2022,"15,120.00","15,135.00","15,172.00","15,122.50",0.18K,-0.03%
9/28/2022,"15,260.00","15,160.00","15,276.50","15,160.00",0.15K,0.93%
9/29/2022,"15,260.00","15,220.00","15,280.00","15,212.50",0.21K,0.00%
9/30/2022,"15,225.00","15,190.00","15,247.50","15,180.00",0.18K,-0.23%
10/3/2022,"15,300.00","15,245.00","15,307.50","15,245.00",0.14K,0.49%
10/4/2022,"15,245.00","15,282.50","15,312.50","15,237.50",0.15K,-0.36%
10/5/2022,"15,190.00","15,182.50","15,220.00","15,156.50",0.25K,-0.36%
10/6/2022,"15,185.00","15,205.00","15,211.00","15,183.50",0.19K,-0.03%
10/7/2022,"15,250.00","15,222.50","15,262.50","15,220.50",0.21K,0.43%
10/10/2022,"15,310.00","15,275.00","15,315.00","15,270.00",0.21K,0.39%
10/11/2022,"15,355.00","15,330.00","15,372.50","15,330.00",0.18K,0.29%
10/12/2022,"15,355.00","15,364.00","15,390.00","15,355.50",0.19K,0.00%
10/13/2022,"15,360.00","15,352.50","15,367.50","15,342.00",0.15K,0.03%
10/14/2022,"15,425.00","15,365.00","15,426.50","15,362.50",0.17K,0.42%
10/17/2022,"15,485.00","15,467.50","15,496.50","15,459.50",0.17K,0.39%
10/18/2022,"15,465.00","15,470.00","15,485.00","15,447.50",0.19K,-0.13%
10/19/2022,"15,495.00","15,475.00","15,503.00","15,465.00",0.16K,0.19%
10/20/2022,"15,570.00","15,545.00","15,587.50","15,476.50",0.23K,0.48%
10/21/2022,"15,630.00","15,580.00","15,635.50","15,577.50",0.21K,0.39%
10/24/2022,"15,585.00","15,575.00","15,607.50","15,562.50",0.18K,-0.29%
10/25/2022,"15,620.00","15,590.00","15,623.00","15,590.00",0.14K,0.22%
10/26/2022,"15,569.00","15,600.00","15,619.00","15,560.00",0.17K,-0.33%
10/27/2022,"15,565.00","15,550.00","15,627.50","15,535.00",0.16K,-0.03%
10/28/2022,"15,548.00","15,567.50","15,567.50","15,520.00",0.12K,-0.11%
10/31/2022,"15,595.00","15,577.50","15,612.50","15,562.50",0.15K,0.30%
11/1/2022,"15,625.00","15,630.00","15,661.50","15,553.50",0.15K,0.19%
11/2/2022,"15,645.00","15,660.50","15,671.50","15,630.00",0.17K,0.13%
11/3/2022,"15,695.00","15,655.00","15,698.50","15,645.00",0.15K,0.32%
11/4/2022,"15,735.00","15,750.00","15,760.00","15,715.00",0.18K,0.25%
11/7/2022,"15,705.00","15,662.50","15,710.00","15,660.00",0.12K,-0.19%
11/8/2022,"15,695.00","15,670.00","15,702.50","15,667.50",0.13K,-0.06%
11/9/2022,"15,658.00","15,662.50","15,672.50","15,632.50",0.16K,-0.24%
11/10/2022,"15,690.00","15,677.50","15,712.50","15,677.50",0.13K,0.20%
11/11/2022,"15,490.00","15,560.00","15,565.00","15,392.50",0.15K,-1.27%
11/14/2022,"15,515.00","15,465.00","15,527.50","15,462.50",0.13K,0.16%
11/15/2022,"15,535.00","15,530.00","15,622.50","15,525.00",0.19K,0.13%
11/16/2022,"15,600.00","15,570.00","15,628.50","15,565.00",0.19K,0.42%
11/17/2022,"15,660.00","15,660.00","15,705.00","15,642.50",0.19K,0.38%
11/18/2022,"15,685.00","15,670.00","15,697.50","15,670.00",0.14K,0.16%
11/21/2022,"15,710.00","15,690.00","15,717.50","15,682.50",0.11K,0.16%
11/22/2022,"15,695.00","15,710.00","15,727.50","15,694.50",0.16K,-0.10%
11/23/2022,"15,685.00","15,692.50","15,709.50","15,684.00",0.14K,-0.06%
11/24/2022,"15,663.00","15,640.00","15,667.50","15,635.00",0.18K,-0.14%
11/25/2022,"15,670.00","15,645.00","15,681.00","15,632.50",0.15K,0.04%
11/28/2022,"15,720.00","15,692.50","15,737.50","15,685.00",0.17K,0.32%
11/29/2022,"15,740.00","15,722.50","15,748.00","15,707.00",0.14K,0.13%
11/30/2022,"15,730.00","15,735.00","15,749.00","15,725.00",0.20K,-0.06%
12/1/2022,"15,560.00","15,622.50","15,642.50","15,545.00",0.14K,-1.08%
12/2/2022,"15,425.00","15,450.00","15,470.00","15,405.00",0.15K,-0.87%
12/5/2022,"15,465.00","15,375.00","15,475.00","15,365.00",0.14K,0.26%
12/6/2022,"15,615.00","15,510.00","15,629.00","15,480.00",0.17K,0.97%
12/7/2022,"15,635.00","15,615.00","15,644.50","15,587.50",0.11K,0.13%
12/8/2022,"15,620.00","15,615.00","15,636.50","15,585.00",0.12K,-0.10%
12/9/2022,"15,582.00","15,575.00","15,597.50","15,564.50",0.17K,-0.24%
12/12/2022,"15,625.00","15,592.50","15,652.50","15,587.50",0.09K,0.28%
12/13/2022,"15,655.00","15,655.00","15,673.50","15,636.50",0.16K,0.19%
12/14/2022,"15,590.00","15,557.50","15,647.50","15,555.00",0.17K,-0.42%
12/15/2022,"15,615.00","15,607.50","15,642.50","15,582.50",0.17K,0.16%
12/16/2022,"15,595.00","15,622.50","15,642.00","15,570.00",0.17K,-0.13%
12/19/2022,"15,595.00","15,615.00","15,631.00","15,597.50",0.11K,0.00%
12/20/2022,"15,600.00","15,585.00","15,630.00","15,575.00",0.14K,0.03%
12/21/2022,"15,585.00","15,592.50","15,612.50","15,582.50",0.09K,-0.10%
12/22/2022,"15,580.00","15,577.50","15,607.50","15,565.00",0.11K,-0.03%
12/23/2022,"15,590.00","15,582.50","15,612.50","15,582.50",0.07K,0.06%
12/26/2022,"15,630.00","15,592.50","15,647.50","15,592.50",0.11K,0.26%
12/27/2022,"15,660.00","15,622.50","15,672.50","15,592.50",0.08K,0.19%
12/28/2022,"15,700.00","15,657.50","15,722.50","15,657.50",0.09K,0.26%
12/29/2022,"15,655.00","15,745.00","15,765.00","15,657.50",0.14K,-0.29%
12/30/2022,"15,565.00","15,637.50","15,655.00","15,545.00",0.14K,-0.57%
1/2/2023,"15,570.00","15,490.00","15,583.50","15,490.00",0.12K,0.03%
1/3/2023,"15,595.00","15,595.00","15,612.50","15,550.00",0.17K,0.16%
1/4/2023,"15,585.00","15,612.50","15,633.00","15,580.00",0.19K,-0.06%
1/5/2023,"15,605.00","15,580.00","15,622.50","15,565.00",0.18K,0.13%
1/6/2023,"15,630.00","15,635.00","15,643.00","15,603.50",0.16K,0.16%
1/9/2023,"15,565.00","15,580.00","15,590.00","15,555.00",0.16K,-0.42%
1/10/2023,"15,570.00","15,574.00","15,598.50","15,547.50",0.15K,0.03%
1/11/2023,"15,480.00","15,565.00","15,575.00","15,470.00",0.26K,-0.58%
1/12/2023,"15,336.00","15,470.00","15,470.00","15,290.00",,-0.93%
1/13/2023,"15,140.00","15,210.00","15,237.50","15,135.50",,-1.28%
1/16/2023,"15,040.00","15,080.00","15,080.00","14,981.50",,-0.66%
1/17/2023,"15,160.00","15,125.00","15,180.00","15,027.50",,0.80%
1/18/2023,"15,085.00","15,200.00","15,207.50","15,070.00",,-0.49%
1/19/2023,"15,100.00","15,135.00","15,145.00","15,089.00",,0.10%
1/20/2023,"15,070.00","15,120.00","15,155.00","15,075.00",,-0.20%
1/24/2023,"14,885.00","15,035.00","15,045.00","14,884.00",,-1.23%
1/25/2023,"14,960.00","14,925.00","14,975.00","14,915.00",,0.50%
1/26/2023,"14,945.00","14,965.00","14,987.50","14,920.00",,-0.10%
1/27/2023,"14,980.00","14,970.00","14,996.00","14,953.50",,0.23%
1/30/2023,"14,965.00","14,972.50","14,989.00","14,954.50",,-0.10%
1/31/2023,"14,985.00","15,000.00","15,005.00","14,971.50",,0.13%
2/1/2023,"14,970.00","15,000.00","15,007.50","14,966.00",,-0.10%
2/2/2023,"14,875.00","14,875.00","14,887.50","14,835.00",,-0.63%
2/3/2023,"14,890.00","14,905.00","14,922.50","14,876.50",,0.10%
2/6/2023,"15,050.00","15,005.00","15,072.50","15,005.00",,1.07%
2/7/2023,"15,140.00","15,142.50","15,153.00","15,121.50",,0.60%
2/8/2023,"15,095.00","15,145.00","15,152.50","15,098.50",,-0.30%
2/9/2023,"15,090.00","15,115.00","15,130.00","15,094.50",,-0.03%
2/10/2023,"15,130.00","15,117.50","15,147.50","15,114.00",,0.27%
2/13/2023,"15,190.00","15,170.00","15,227.50","15,170.00",,0.40%
2/14/2023,"15,155.00","15,175.00","15,197.50","15,151.50",,-0.23%
2/15/2023,"15,200.00","15,167.50","15,207.50","15,157.00",,0.30%
2/16/2023,"15,153.00","15,210.00","15,210.00","15,150.00",,-0.31%
2/17/2023,"15,200.00","15,177.50","15,217.50","15,172.00",,0.31%
2/20/2023,"15,155.00","15,197.50","15,200.00","15,154.50",,-0.30%
2/21/2023,"15,185.00","15,162.50","15,193.50","15,160.00",,0.20%
2/22/2023,"15,200.00","15,210.00","15,229.00","15,201.50",,0.10%
2/23/2023,"15,185.00","15,175.00","15,196.00","15,164.00",,-0.10%
2/24/2023,"15,220.00","15,205.00","15,225.00","15,193.00",,0.23%
2/27/2023,"15,265.00","15,260.00","15,287.50","15,245.00",,0.30%
2/28/2023,"15,245.00","15,230.00","15,295.00","15,225.00",,-0.13%
3/1/2023,"15,230.00","15,240.00","15,265.00","15,228.50",,-0.10%
3/2/2023,"15,275.00","15,265.00","15,286.00","15,249.00",,0.30%
3/3/2023,"15,295.00","15,300.00","15,321.50","15,282.50",,0.13%
3/6/2023,"15,290.00","15,315.00","15,320.00","15,285.00",,-0.03%
3/7/2023,"15,345.00","15,350.00","15,367.50","15,330.00",,0.36%
3/8/2023,"15,430.00","15,425.00","15,467.50","15,389.50",,0.55%
3/9/2023,"15,420.00","15,445.00","15,457.50","15,422.50",,-0.06%
3/10/2023,"15,445.00","15,475.00","15,480.00","15,450.00",,0.16%
3/13/2023,"15,360.00","15,445.00","15,452.50","15,357.50",,-0.55%
3/14/2023,"15,380.00","15,385.00","15,405.00","15,361.50",,0.13%
3/15/2023,"15,360.00","15,370.00","15,380.00","15,335.00",,-0.13%
3/16/2023,"15,375.00","15,420.00","15,455.00","15,376.00",,0.10%
3/17/2023,"15,340.00","15,387.50","15,392.50","15,345.00",,-0.23%
3/20/2023,"15,355.00","15,365.00","15,380.00","15,355.00",,0.10%
3/21/2023,"15,340.00","15,345.00","15,360.00","15,334.00",,-0.10%
3/24/2023,"15,150.00","15,165.00","15,207.50","15,145.00",,-1.24%
3/27/2023,"15,155.00","15,190.00","15,192.50","15,156.00",,0.03%
3/28/2023,"15,085.00","15,120.00","15,125.00","15,065.00",,-0.46%
3/29/2023,"15,060.00","15,075.00","15,107.50","15,062.50",,-0.17%
3/30/2023,"15,045.00","15,075.00","15,087.50","15,044.00",,-0.10%
3/31/2023,"14,990.00","14,980.00","14,995.00","14,950.00",,-0.37%
4/3/2023,"14,965.00","15,000.00","15,012.50","14,968.00",,-0.17%
4/4/2023,"14,895.00","14,955.00","14,955.00","14,880.00",,-0.47%
4/5/2023,"14,920.00","14,922.50","14,952.50","14,900.00",,0.17%
4/6/2023,"14,910.00","14,965.00","14,972.50","14,912.50",,-0.07%
4/10/2023,"14,899.00","14,910.00","14,937.50","14,888.50",,-0.07%
4/11/2023,"14,881.00","14,935.00","14,935.00","14,870.00",,-0.12%
4/12/2023,"14,875.00","14,887.50","14,907.50","14,837.50",,-0.04%
4/13/2023,"14,750.00","14,840.00","14,847.50","14,744.50",,-0.84%
4/14/2023,"14,695.00","14,695.00","14,705.00","14,645.00",,-0.37%
4/17/2023,"14,785.00","14,755.00","14,794.00","14,741.00",,0.61%
4/18/2023,"14,840.00","14,815.00","14,867.50","14,810.00",,0.37%
4/26/2023,"14,830.00","14,895.00","14,935.00","14,820.00",,-0.07%
4/27/2023,"14,700.00","14,830.00","14,832.50","14,690.00",,-0.88%
4/28/2023,"14,665.00","14,675.00","14,691.00","14,627.50",,-0.24%
5/2/2023,"14,700.00","14,645.00","14,712.50","14,645.00",,0.24%
5/3/2023,"14,680.00","14,707.50","14,722.50","14,684.00",,-0.14%
5/4/2023,"14,675.00","14,615.00","14,690.00","14,565.00",,-0.03%
5/5/2023,"14,670.00","14,680.00","14,691.50","14,650.00",,-0.03%
5/8/2023,"14,695.00","14,670.00","14,721.50","14,665.00",,0.17%
5/9/2023,"14,725.00","14,750.00","14,772.50","14,730.00",,0.20%
5/10/2023,"14,720.00","14,752.50","14,760.00","14,725.00",,-0.03%
5/11/2023,"14,720.00","14,710.00","14,745.00","14,696.00",,0.00%
5/12/2023,"14,745.00","14,765.00","14,772.00","14,735.00",,0.17%
5/15/2023,"14,795.00","14,790.00","14,824.50","14,790.00",,0.34%
5/16/2023,"14,815.00","14,785.00","14,834.50","14,780.00",,0.14%
5/17/2023,"14,860.00","14,867.50","14,890.00","14,855.00",,0.30%
5/18/2023,"14,923.00","14,876.00","14,924.00","14,845.00",,0.42%
5/19/2023,"14,920.00","14,907.50","14,967.00","14,903.50",,-0.02%
5/22/2023,"14,885.00","14,905.00","14,916.50","14,885.00",,-0.23%
5/23/2023,"14,875.00","14,890.00","14,907.50","14,852.50",,-0.07%
5/24/2023,"14,895.00","14,897.50","14,920.00","14,887.50",,0.13%
5/25/2023,"14,945.00","14,960.00","14,964.00","14,933.00",,0.34%
5/26/2023,"14,950.00","14,962.50","14,972.00","14,940.00",,0.03%
5/29/2023,"14,965.00","14,965.00","14,981.00","14,956.00",,0.10%
5/30/2023,"14,980.00","14,945.00","14,994.50","14,940.00",,0.10%
5/31/2023,"14,985.00","15,010.00","15,018.50","14,987.50",,0.03%
6/1/2023,"14,914.00","14,991.30","14,994.00","14,899.50",,-0.47%
6/2/2023,"14,902.00","14,914.00","14,920.00","14,785.00",,-0.08%
6/5/2023,"14,885.00","14,895.00","14,912.00","14,870.00",,-0.11%
6/6/2023,"14,855.00","14,860.00","14,870.00","14,819.50",,-0.20%
6/7/2023,"14,875.00","14,857.50","14,889.00","14,852.50",,0.13%
6/8/2023,"14,890.00","14,902.50","14,915.00","14,884.00",,0.10%
6/9/2023,"14,835.00","14,845.00","14,914.50","14,835.00",,-0.37%
6/12/2023,"14,860.00","14,897.50","14,904.50","14,855.00",,0.17%
6/13/2023,"14,855.00","14,875.00","14,880.00","14,855.00",,-0.03%
6/14/2023,"14,895.00","14,877.50","14,920.00","14,868.00",,0.27%
6/15/2023,"14,940.00","14,915.00","14,962.50","14,915.00",,0.30%
6/16/2023,"14,930.00","14,927.50","14,952.50","14,920.00",,-0.07%
6/19/2023,"14,990.00","14,977.50","14,999.00","14,965.00",,0.40%
6/20/2023,"14,995.00","15,022.50","15,052.50","15,000.00",,0.03%
6/21/2023,"14,940.00","15,037.50","15,042.50","14,910.00",,-0.37%
6/22/2023,"14,935.00","14,932.50","14,975.00","14,890.00",,-0.03%
6/23/2023,"14,990.00","14,965.00","15,007.00","14,965.00",,0.37%
6/26/2023,"15,010.00","15,005.00","15,042.50","15,005.00",,0.13%
6/27/2023,"14,990.00","14,995.00","15,011.50","14,987.50",,-0.13%
6/28/2023,"14,987.90","14,988.00","15,022.60","14,971.00",,-0.01%
6/29/2023,"15,071.00","14,993.00","15,080.30","14,985.70",,0.55%
6/30/2023,"15,040.40","15,070.50","15,085.00","15,020.80",,-0.20%
7/3/2023,"15,020.00","15,005.00","15,041.00","15,005.00",,-0.14%
7/4/2023,"14,990.00","15,040.00","15,044.50","14,986.00",,-0.20%
7/5/2023,"15,010.00","15,010.00","15,027.50","14,999.50",,0.13%
7/6/2023,"15,040.00","15,062.50","15,074.50","15,043.50",,0.20%
7/7/2023,"15,130.00","15,125.00","15,147.50","15,110.00",,0.60%
7/10/2023,"15,190.00","15,150.00","15,222.00","15,140.00",,0.40%
7/11/2023,"15,135.00","15,195.00","15,195.00","15,132.50",,-0.36%
7/12/2023,"15,075.00","15,130.00","15,132.50","15,055.00",,-0.40%
7/13/2023,"14,965.00","14,955.00","14,997.00","14,945.00",,-0.73%
7/14/2023,"14,955.00","14,950.00","14,965.50","14,913.00",,-0.07%
7/17/2023,"15,000.00","14,995.00","15,013.50","14,991.50",,0.30%
7/18/2023,"14,990.00","14,990.00","15,000.00","14,985.00",,-0.07%
7/19/2023,"14,999.00","14,990.50","15,029.30","14,981.00",,0.06%
7/20/2023,"14,985.00","14,987.50","15,007.50","14,977.50",,-0.09%
7/21/2023,"15,020.00","15,012.50","15,033.50","15,010.00",,0.23%
7/24/2023,"15,020.00","15,030.00","15,035.00","15,018.00",,0.00%
7/25/2023,"14,990.00","15,015.00","15,022.50","14,992.50",,-0.20%
7/26/2023,"15,015.00","15,030.00","15,042.50","15,015.00",,0.17%
7/27/2023,"14,995.00","15,015.00","15,022.50","14,985.00",,-0.13%
7/28/2023,"15,090.00","15,060.00","15,105.00","15,056.50",,0.63%
7/31/2023,"15,075.00","15,090.00","15,105.00","15,080.00",,-0.10%
8/1/2023,"15,110.00","15,112.50","15,122.50","15,018.50",,0.23%
8/2/2023,"15,170.00","15,140.00","15,197.00","15,137.50",,0.40%
8/3/2023,"15,180.00","15,185.00","15,210.00","15,182.50",,0.07%
8/4/2023,"15,165.00","15,147.50","15,182.50","15,145.00",,-0.10%
8/7/2023,"15,180.00","15,170.00","15,190.50","15,161.00",,0.10%
8/8/2023,"15,215.00","15,222.50","15,237.50","15,217.00",,0.23%
8/9/2023,"15,190.00","15,210.00","15,222.50","15,189.50",,-0.16%
8/10/2023,"15,180.00","15,210.00","15,217.50","15,185.00",,-0.07%
8/11/2023,"15,210.00","15,215.00","15,237.00","15,205.00",,0.20%
8/14/2023,"15,310.00","15,297.50","15,338.50","15,287.50",,0.66%
8/15/2023,"15,335.00","15,342.50","15,359.50","15,332.50",,0.16%
8/16/2023,"15,280.00","15,337.50","15,338.50","15,282.50",,-0.36%
8/17/2023,"15,361.80","15,368.50","15,391.00","15,329.00",,0.54%
8/18/2023,"15,280.00","15,310.00","15,319.50","15,285.00",,-0.53%
8/21/2023,"15,320.00","15,330.00","15,339.00","15,318.50",,0.26%
8/22/2023,"15,310.00","15,320.00","15,332.00","15,310.00",,-0.07%
8/23/2023,"15,290.00","15,317.50","15,330.00","15,295.00",,-0.13%
8/24/2023,"15,240.00","15,252.50","15,274.50","15,239.50",,-0.33%
8/25/2023,"15,290.00","15,275.00","15,307.00","15,274.00",,0.33%
8/28/2023,"15,285.00","15,295.00","15,301.50","15,285.00",,-0.03%
8/29/2023,"15,255.00","15,277.50","15,282.50","15,250.00",,-0.20%
8/30/2023,"15,235.00","15,220.00","15,295.00","15,215.00",,-0.13%
8/31/2023,"15,225.00","15,222.50","15,244.00","15,222.50",,-0.07%
9/1/2023,"15,235.00","15,227.50","15,264.00","15,226.50",,0.07%
9/4/2023,"15,235.00","15,242.50","15,254.00","15,234.00",,0.00%
9/5/2023,"15,260.00","15,250.00","15,274.00","15,242.50",,0.16%
9/6/2023,"15,290.00","15,310.00","15,321.50","15,215.00",,0.20%
9/7/2023,"15,320.00","15,330.00","15,341.50","15,319.00",,0.20%
9/8/2023,"15,320.00","15,330.00","15,347.50","15,325.00",,0.00%
9/11/2023,"15,320.00","15,350.00","15,361.50","15,325.00",,0.00%
9/12/2023,"15,335.00","15,340.00","15,354.50","15,330.00",,0.10%
9/13/2023,"15,365.00","15,360.00","15,377.00","15,350.00",,0.20%
9/14/2023,"15,350.00","15,365.00","15,371.50","15,340.00",,-0.10%
9/15/2023,"15,350.00","15,390.00","15,392.50","15,351.00",,0.00%
9/18/2023,"15,365.00","15,367.50","15,381.50","15,361.50",,0.10%
9/19/2023,"15,375.00","15,382.50","15,393.50","15,369.50",,0.07%
9/20/2023,"15,375.00","15,390.00","15,403.00","15,380.00",,0.00%
9/21/2023,"15,370.00","15,392.50","15,411.50","15,375.00",,-0.03%
9/22/2023,"15,370.00","15,385.00","15,394.00","15,369.00",,0.00%
9/25/2023,"15,395.00","15,380.00","15,409.00","15,380.00",,0.16%
9/26/2023,"15,485.00","15,430.00","15,505.00","15,427.50",,0.58%
9/27/2023,"15,515.00","15,487.00","15,542.50","15,420.00",,0.19%
9/28/2023,"15,481.00","15,576.00","15,597.80","15,466.30",,-0.22%
9/29/2023,"15,450.00","15,505.00","15,508.50","15,455.00",,-0.20%
10/2/2023,"15,525.00","15,492.50","15,541.00","15,492.50",,0.49%
10/3/2023,"15,575.00","15,580.00","15,612.50","15,580.00",,0.32%
10/4/2023,"15,625.00","15,620.00","15,646.50","15,612.50",,0.32%
10/5/2023,"15,610.00","15,585.00","15,621.50","15,575.00",,-0.10%
10/6/2023,"15,605.00","15,620.00","15,636.50","15,610.00",,-0.03%
10/9/2023,"15,685.00","15,635.00","15,702.50","15,635.00",,0.51%
10/10/2023,"15,730.00","15,677.50","15,742.50","15,667.50",,0.29%
10/11/2023,"15,690.00","15,727.50","15,737.50","15,689.00",,-0.25%
10/12/2023,"15,685.00","15,695.00","15,708.00","15,690.00",,-0.03%
10/13/2023,"15,680.00","15,735.00","15,740.00","15,682.50",,-0.03%
10/16/2023,"15,715.00","15,705.00","15,727.50","15,700.00",,0.22%
10/17/2023,"15,710.00","15,705.00","15,726.50","15,701.50",,-0.03%
10/18/2023,"15,725.00","15,730.00","15,737.50","15,716.00",,0.10%
10/19/2023,"15,810.00","15,790.00","15,856.50","15,790.00",,0.54%
10/20/2023,"15,870.00","15,847.50","15,889.00","15,825.00",,0.38%
10/23/2023,"15,930.00","15,880.00","15,967.50","15,880.00",,0.38%
10/24/2023,"15,845.00","15,892.50","15,895.00","15,835.00",,-0.53%
10/25/2023,"15,865.00","15,867.50","15,880.00","15,862.50",,0.13%
10/26/2023,"15,915.00","15,895.00","15,942.50","15,895.00",,0.32%
10/27/2023,"15,935.00","15,917.50","15,952.50","15,914.00",,0.13%
10/30/2023,"15,885.00","15,922.50","15,930.50","15,882.50",,-0.31%
10/31/2023,"15,880.00","15,877.50","15,912.50","15,867.50",,-0.03%
11/1/2023,"15,930.00","15,925.00","15,953.50","15,920.00",,0.31%
11/2/2023,"15,850.00","15,875.00","15,880.00","15,835.00",,-0.50%
11/3/2023,"15,725.00","15,832.50","15,832.50","15,724.00",,-0.79%
11/6/2023,"15,535.00","15,595.00","15,595.00","15,510.00",,-1.21%
11/7/2023,"15,625.00","15,565.00","15,635.00","15,560.00",,0.58%
11/8/2023,"15,645.00","15,625.00","15,665.00","15,590.00",,0.13%
11/9/2023,"15,650.00","15,642.50","15,672.50","15,631.00",,0.03%
11/10/2023,"15,690.00","15,685.00","15,712.50","15,675.00",,0.26%
11/13/2023,"15,695.00","15,702.50","15,727.00","15,697.50",,0.03%
11/14/2023,"15,690.00","15,695.00","15,707.50","15,690.00",,-0.03%
11/15/2023,"15,530.00","15,505.00","15,553.00","15,467.50",,-1.02%
11/16/2023,"15,540.00","15,555.00","15,622.50","15,545.00",,0.06%
11/17/2023,"15,490.00","15,512.50","15,535.00","15,489.00",,-0.32%
11/20/2023,"15,440.00","15,412.50","15,552.00","15,382.50",,-0.32%
11/21/2023,"15,435.00","15,392.00","15,507.00","15,385.00",,-0.03%
11/22/2023,"15,570.00","15,535.00","15,604.00","15,530.00",,0.87%
11/23/2023,"15,550.00","15,600.00","15,623.50","15,545.00",,-0.13%
11/24/2023,"15,560.00","15,565.00","15,612.50","15,555.00",,0.06%
11/27/2023,"15,490.00","15,540.00","15,560.00","15,475.00",,-0.45%
11/28/2023,"15,430.00","15,470.00","15,482.50","15,430.00",,-0.39%
11/29/2023,"15,390.00","15,387.50","15,422.50","15,357.50",,-0.26%
11/30/2023,"15,505.00","15,450.00","15,510.00","15,441.00",,0.75%
12/1/2023,"15,480.00","15,520.00","15,548.50","15,485.00",,-0.16%
12/4/2023,"15,450.00","15,425.00","15,468.50","15,415.00",,-0.19%
12/5/2023,"15,500.00","15,490.00","15,519.00","15,487.50",,0.32%
12/6/2023,"15,490.00","15,490.00","15,514.50","15,485.00",,-0.06%
12/7/2023,"15,510.00","15,515.00","15,543.50","15,509.00",,0.13%
12/8/2023,"15,505.00","15,502.50","15,526.50","15,483.50",,-0.03%
12/11/2023,"15,610.00","15,580.00","15,622.50","15,580.00",,0.68%
12/12/2023,"15,615.00","15,640.00","15,654.50","15,614.50",,0.03%
12/13/2023,"15,655.00","15,611.00","15,677.50","15,597.00",,0.26%
12/14/2023,"15,495.00","15,460.00","15,520.00","15,460.00",,-1.02%
12/15/2023,"15,490.00","15,512.50","15,528.50","15,472.50",,-0.03%
12/18/2023,"15,505.00","15,542.50","15,561.50","15,490.00",,0.10%
12/19/2023,"15,500.00","15,522.50","15,526.50","15,487.50",,-0.03%
12/20/2023,"15,505.00","15,500.00","15,527.50","15,494.00",,0.03%
12/21/2023,"15,520.00","15,520.00","15,551.00","15,512.50",,0.10%
12/22/2023,"15,480.00","15,490.00","15,505.00","15,475.00",,-0.26%
12/25/2023,"15,467.00","15,466.80","15,467.00","15,466.80",,-0.08%
12/26/2023,"15,407.00","15,467.00","15,467.00","15,405.00",,-0.39%
12/27/2023,"15,425.00","15,430.00","15,442.50","15,392.50",,0.12%
12/28/2023,"15,415.00","15,385.00","15,434.50","15,380.00",,-0.06%
12/29/2023,"15,395.00","15,430.00","15,457.50","15,397.00",,-0.13%
1/1/2024,"15,390.00","15,390.10","15,390.10","15,390.00",,-0.03%
1/2/2024,"15,465.00","15,430.00","15,482.50","15,430.00",,0.49%
1/3/2024,"15,475.00","15,505.00","15,527.50","15,470.00",,0.06%
1/4/2024,"15,485.00","15,535.00","15,552.50","15,490.00",,0.06%
1/5/2024,"15,510.00","15,507.50","15,532.00","15,499.50",,0.16%
1/8/2024,"15,520.00","15,500.00","15,533.50","15,500.00",,0.06%
1/9/2024,"15,515.00","15,529.00","15,531.00","15,504.50",,-0.03%
1/10/2024,"15,565.00","15,540.00","15,587.50","15,537.50",,0.32%
1/11/2024,"15,545.00","15,552.50","15,570.00","15,544.50",,-0.13%
1/12/2024,"15,545.00","15,562.50","15,575.00","15,542.50",,0.00%
1/15/2024,"15,550.00","15,555.00","15,562.50","15,545.00",,0.03%
1/16/2024,"15,585.00","15,572.50","15,598.50","15,570.00",,0.23%
1/17/2024,"15,635.00","15,625.00","15,647.50","15,617.50",,0.32%
1/18/2024,"15,615.00","15,617.50","15,637.50","15,612.50",,-0.13%
1/19/2024,"15,610.00","15,617.50","15,637.50","15,612.50",,-0.03%
1/22/2024,"15,630.00","15,607.50","15,640.00","15,607.50",,0.13%
1/23/2024,"15,625.00","15,660.00","15,677.50","15,630.00",,-0.03%
1/24/2024,"15,705.00","15,694.00","15,730.00","15,693.00",,0.51%
1/25/2024,"15,820.00","15,710.00","15,835.00","15,705.00",,0.73%
1/26/2024,"15,815.00","15,837.50","15,847.50","15,810.00",,-0.03%
1/29/2024,"15,805.00","15,812.50","15,833.00","15,807.50",,-0.06%
1/30/2024,"15,777.00","15,800.00","15,816.00","15,775.00",,-0.18%
1/31/2024,"15,775.00","15,802.50","15,818.00","15,778.00",,-0.01%
2/1/2024,"15,760.00","15,787.50","15,802.50","15,757.50",,-0.10%
2/2/2024,"15,655.00","15,755.00","15,755.00","15,644.00",,-0.67%
2/5/2024,"15,700.00","15,725.00","15,727.50","15,690.50",,0.29%
2/6/2024,"15,725.00","15,752.50","15,757.50","15,722.50",,0.16%
2/7/2024,"15,630.00","15,722.50","15,727.50","15,615.00",,-0.60%
2/8/2024,"15,665.00","15,654.00","15,678.00","15,618.00",,0.22%
2/9/2024,"15,611.50","15,665.00","15,666.00","15,609.00",,-0.34%
2/12/2024,"15,590.00","15,640.00","15,640.00","15,594.50",,-0.14%
2/13/2024,"15,590.00","15,590.00","15,614.00","15,565.00",,0.00%
2/14/2024,"15,632.00","15,677.00","15,726.70","15,560.60",,0.27%
2/15/2024,"15,615.00","15,582.50","15,640.00","15,547.50",,-0.11%
2/16/2024,"15,615.00","15,655.00","15,677.50","15,620.00",,0.00%
2/19/2024,"15,625.00","15,640.00","15,642.50","15,616.00",,0.06%
2/20/2024,"15,655.00","15,640.00","15,669.00","15,637.50",,0.19%
2/21/2024,"15,630.00","15,670.00","15,685.00","15,635.00",,-0.16%
2/22/2024,"15,585.00","15,640.00","15,659.50","15,589.50",,-0.29%
2/23/2024,"15,590.00","15,602.50","15,607.50","15,572.50",,0.03%
2/26/2024,"15,625.00","15,622.50","15,642.50","15,619.00",,0.22%
2/27/2024,"15,635.00","15,650.00","15,662.50","15,640.00",,0.06%
2/28/2024,"15,680.00","15,645.00","15,692.00","15,645.00",,0.29%
2/29/2024,"15,710.00","15,705.00","15,735.50","15,690.00",,0.19%
3/1/2024,"15,695.00","15,722.50","15,722.50","15,680.00",,-0.10%
3/4/2024,"15,735.00","15,705.00","15,740.00","15,704.50",,0.25%
3/5/2024,"15,765.00","15,752.50","15,777.50","15,735.00",,0.19%
3/6/2024,"15,695.00","15,760.00","15,760.00","15,690.00",,-0.44%
3/7/2024,"15,650.00","15,667.50","15,685.00","15,635.00",,-0.29%
3/8/2024,"15,585.00","15,625.00","15,640.00","15,573.00",,-0.42%
3/11/2024,"15,525.00","15,541.30","15,590.00","15,438.50",,-0.38%
3/12/2024,"15,561.00","15,526.50","15,563.00","15,470.90",,0.23%
3/13/2024,"15,570.00","15,570.00","15,595.00","15,557.50",,0.06%
3/14/2024,"15,575.00","15,580.00","15,589.50","15,569.50",,0.03%
3/15/2024,"15,590.00","15,630.00","15,641.50","15,594.50",,0.10%
3/18/2024,"15,685.00","15,625.00","15,698.00","15,622.50",,0.61%
3/19/2024,"15,710.00","15,720.00","15,735.00","15,697.50",,0.16%
3/20/2024,"15,710.00","15,722.50","15,742.50","15,708.50",,0.00%
3/21/2024,"15,655.00","15,665.00","15,680.00","15,647.00",,-0.35%
3/22/2024,"15,775.00","15,730.00","15,790.00","15,722.50",,0.77%
3/25/2024,"15,795.00","15,785.00","15,808.50","15,775.00",,0.13%
3/26/2024,"15,785.00","15,800.00","15,810.00","15,780.00",,-0.06%
3/27/2024,"15,850.00","15,830.00","15,865.00","15,818.50",,0.41%
3/28/2024,"15,850.00","15,880.00","15,894.00","15,855.00",,0.00%
3/29/2024,"15,880.00","15,891.00","15,909.30","15,858.50",,0.19%
4/1/2024,"15,885.00","15,875.00","15,920.00","15,872.50",,0.03%
4/2/2024,"15,895.00","15,947.50","15,965.00","15,897.00",,0.06%
4/3/2024,"15,915.00","15,930.00","15,940.00","15,905.00",,0.13%
4/4/2024,"15,890.00","15,937.50","15,937.50","15,890.00",,-0.16%
4/5/2024,"15,840.00","15,907.50","15,916.00","15,842.50",,-0.31%
4/8/2024,"15,925.00","15,888.00","15,928.00","15,867.00",,0.54%
4/9/2024,"15,899.00","15,925.00","15,925.00","15,833.00",,-0.16%
4/10/2024,"15,998.00","15,900.00","16,002.00","15,826.00",,0.62%
4/11/2024,"16,031.00","16,002.00","16,036.50","15,950.50",,0.21%
4/12/2024,"16,117.00","16,030.50","16,161.30","15,996.00",,0.54%
4/15/2024,"16,116.70","16,118.00","16,138.00","16,050.80",,0.00%
4/16/2024,"16,170.00","16,075.00","16,210.00","16,072.50",,0.33%
4/17/2024,"16,215.00","16,235.00","16,272.50","16,210.00",,0.28%
4/18/2024,"16,170.00","16,185.00","16,195.00","16,155.00",,-0.28%
4/19/2024,"16,250.00","16,265.00","16,290.00","16,255.00",,0.49%
4/22/2024,"16,230.00","16,217.50","16,245.00","16,207.50",,-0.12%
4/23/2024,"16,215.00","16,245.00","16,252.50","16,220.00",,-0.09%
4/24/2024,"16,150.00","16,150.00","16,180.00","16,145.00",,-0.40%
4/25/2024,"16,185.00","16,205.00","16,223.50","16,179.00",,0.22%
4/26/2024,"16,205.00","16,200.00","16,229.50","16,197.50",,0.12%
4/29/2024,"16,250.00","16,237.50","16,265.00","16,229.50",,0.28%
4/30/2024,"16,255.00","16,265.00","16,282.50","16,259.50",,0.03%
5/1/2024,"16,193.60","16,279.00","16,280.50","16,167.30",,-0.38%
5/2/2024,"16,180.00","16,250.00","16,250.00","16,185.00",,-0.08%
5/3/2024,"16,080.00","16,075.00","16,107.50","16,072.50",,-0.62%
5/6/2024,"16,020.00","15,985.00","16,032.50","15,980.00",,-0.37%
5/7/2024,"16,040.00","16,065.00","16,070.50","16,044.50",,0.12%
5/8/2024,"16,040.00","16,090.00","16,095.00","16,045.00",,0.00%
5/9/2024,"16,026.00","16,080.50","16,083.30","16,014.80",,-0.09%
5/10/2024,"16,058.90","16,036.50","16,080.00","16,009.70",,0.21%
5/13/2024,"16,075.00","16,070.00","16,096.50","16,067.50",,0.10%
5/14/2024,"16,090.00","16,130.00","16,141.50","16,100.00",,0.09%
5/15/2024,"16,025.00","16,080.00","16,095.00","16,026.50",,-0.40%
5/16/2024,"15,920.00","15,922.50","15,960.00","15,912.50",,-0.66%
5/17/2024,"15,950.00","15,960.00","15,988.50","15,945.00",,0.19%
5/20/2024,"15,970.00","15,960.00","15,987.50","15,960.00",,0.13%
5/21/2024,"15,990.00","16,040.00","16,042.50","15,994.50",,0.13%
5/22/2024,"15,990.00","15,990.00","16,010.00","15,967.50",,0.00%
5/23/2024,"16,102.30","16,048.00","16,102.30","16,018.30",,0.70%
5/24/2024,"16,045.00","16,102.30","16,121.00","16,026.00",,-0.36%
5/27/2024,"16,060.00","16,030.00","16,072.50","16,015.00",,0.09%
5/28/2024,"16,085.00","16,070.00","16,101.50","16,070.00",,0.16%
5/29/2024,"16,155.00","16,130.00","16,167.50","16,117.50",,0.44%
5/30/2024,"16,255.00","16,222.50","16,275.00","16,222.50",,0.62%
5/31/2024,"16,245.00","16,265.00","16,267.50","16,237.50",,-0.06%
6/3/2024,"16,225.00","16,255.00","16,265.00","16,205.00",,-0.12%
6/4/2024,"16,215.00","16,195.00","16,240.00","16,190.00",,-0.06%
6/5/2024,"16,280.00","16,255.00","16,293.50","16,247.50",,0.40%
6/6/2024,"16,255.00","16,285.00","16,287.50","16,257.50",,-0.15%
6/7/2024,"16,190.00","16,240.00","16,245.00","16,190.00",,-0.40%
6/10/2024,"16,275.00","16,265.00","16,295.50","16,247.50",,0.53%
6/11/2024,"16,285.00","16,285.00","16,302.50","16,278.00",,0.06%
6/12/2024,"16,290.00","16,297.50","16,305.50","16,287.50",,0.03%
6/13/2024,"16,265.00","16,270.00","16,292.50","16,262.50",,-0.15%
6/14/2024,"16,395.00","16,287.50","16,417.50","16,282.50",,0.80%
6/17/2024,"16,486.00","16,486.50","16,489.70","16,404.90",,0.56%
6/18/2024,"16,376.10","16,486.00","16,486.00","16,360.00",,-0.67%
6/19/2024,"16,360.00","16,405.00","16,405.00","16,345.00",,-0.10%
6/20/2024,"16,425.00","16,375.00","16,430.00","16,371.50",,0.40%
6/21/2024,"16,445.00","16,465.00","16,482.50","16,440.00",,0.12%
6/24/2024,"16,390.00","16,470.00","16,475.00","16,394.00",,-0.33%
6/25/2024,"16,370.00","16,382.50","16,465.00","16,360.00",,-0.12%
6/26/2024,"16,400.00","16,420.00","16,450.00","16,400.00",,0.18%
6/27/2024,"16,395.00","16,410.00","16,432.50","16,392.50",,-0.03%
6/28/2024,"16,370.00","16,410.00","16,422.50","16,375.00",,-0.15%
7/1/2024,"16,320.00","16,352.50","16,412.50","16,315.00",,-0.31%
7/2/2024,"16,390.00","16,355.00","16,402.50","16,347.50",,0.43%
7/3/2024,"16,365.00","16,382.50","16,401.50","16,365.00",,-0.15%
7/4/2024,"16,325.00","16,330.00","16,356.50","16,320.00",,-0.24%
7/5/2024,"16,275.00","16,332.50","16,345.00","16,270.00",,-0.31%
7/8/2024,"16,250.00","16,275.00","16,285.00","16,246.50",,-0.15%
7/9/2024,"16,245.00","16,300.00","16,315.00","16,249.50",,-0.03%
7/10/2024,"16,235.00","16,287.50","16,300.00","16,238.50",,-0.06%
7/11/2024,"16,190.00","16,217.50","16,220.00","16,185.00",,-0.28%
7/12/2024,"16,135.00","16,135.00","16,164.50","16,130.00",,-0.34%
7/15/2024,"16,165.00","16,145.00","16,189.00","16,137.50",,0.19%
7/16/2024,"16,175.00","16,200.00","16,252.50","16,179.50",,0.06%
7/17/2024,"16,095.00","16,155.00","16,165.00","16,096.00",,-0.49%
7/18/2024,"16,150.00","16,135.00","16,170.00","16,125.00",,0.34%
7/19/2024,"16,185.00","16,195.00","16,225.00","16,175.00",,0.22%
7/22/2024,"16,215.00","16,210.00","16,237.50","16,205.00",,0.19%
7/23/2024,"16,205.00","16,215.00","16,222.50","16,185.00",,-0.06%
7/24/2024,"16,210.00","16,220.00","16,232.50","16,210.00",,0.03%
7/25/2024,"16,245.00","16,237.50","16,276.00","16,230.00",,0.22%
7/26/2024,"16,285.00","16,287.50","16,302.50","16,267.50",,0.25%
7/29/2024,"16,275.00","16,290.00","16,295.00","16,266.50",,-0.06%
7/30/2024,"16,295.00","16,305.00","16,332.50","16,290.00",,0.12%
7/31/2024,"16,255.00","16,305.00","16,323.00","16,259.00",,-0.25%
8/1/2024,"16,230.00","16,255.00","16,270.00","16,210.00",,-0.15%
8/2/2024,"16,195.00","16,260.00","16,281.50","16,194.50",,-0.22%
8/5/2024,"16,180.00","16,180.00","16,197.50","16,122.50",,-0.09%
8/6/2024,"16,160.00","16,210.00","16,215.00","16,165.00",,-0.12%
8/7/2024,"16,030.00","16,160.00","16,177.50","16,021.50",,-0.80%
8/8/2024,"15,890.00","16,005.00","16,012.50","15,894.00",,-0.87%
8/9/2024,"15,920.00","15,937.50","15,945.00","15,884.00",,0.19%
8/12/2024,"15,950.00","15,940.00","15,985.00","15,925.00",,0.19%
8/13/2024,"15,830.00","15,935.00","15,962.50","15,824.50",,-0.75%
8/14/2024,"15,675.00","15,725.00","15,737.50","15,665.00",,-0.98%
8/15/2024,"15,690.00","15,615.00","15,720.00","15,615.00",,0.10%
8/16/2024,"15,685.00","15,755.00","15,759.00","15,675.00",,-0.03%
8/19/2024,"15,545.00","15,635.00","15,656.50","15,550.00",,-0.89%
8/20/2024,"15,430.00","15,515.00","15,522.50","15,420.00",,-0.74%
8/21/2024,"15,480.00","15,450.00","15,500.00","15,422.00",,0.32%
8/22/2024,"15,595.00","15,505.00","15,642.50","15,505.00",,0.74%
8/23/2024,"15,485.00","15,635.00","15,662.50","15,425.00",,-0.71%
8/26/2024,"15,425.00","15,341.00","15,435.00","15,295.00",,-0.39%
8/27/2024,"15,490.00","15,480.00","15,545.00","15,460.00",,0.42%
8/28/2024,"15,420.00","15,517.50","15,532.50","15,420.00",,-0.45%
8/29/2024,"15,410.00","15,420.00","15,447.50","15,367.50",,-0.06%
8/30/2024,"15,450.00","15,450.00","15,490.00","15,437.50",,0.26%
9/2/2024,"15,520.00","15,497.50","15,555.00","15,492.50",,0.45%
9/3/2024,"15,520.00","15,547.50","15,583.50","15,522.50",,0.00%
9/4/2024,"15,470.00","15,530.00","15,542.50","15,470.00",,-0.32%
9/5/2024,"15,395.00","15,422.50","15,432.50","15,394.00",,-0.48%
9/6/2024,"15,360.00","15,390.00","15,398.50","15,352.00",,-0.23%
9/9/2024,"15,450.00","15,475.00","15,485.00","15,416.00",,0.59%
9/10/2024,"15,445.00","15,475.00","15,485.00","15,431.50",,-0.03%
9/11/2024,"15,395.00","15,440.00","15,440.00","15,395.00",,-0.32%
9/12/2024,"15,425.00","15,415.00","15,446.50","15,400.00",,0.19%
9/13/2024,"15,395.00","15,417.50","15,455.00","15,390.00",,-0.19%
9/16/2024,"15,393.10","15,400.00","15,408.50","15,354.00",,-0.01%
9/17/2024,"15,330.00","15,370.00","15,375.00","15,315.00",,-0.41%
9/18/2024,"15,330.00","15,325.00","15,360.00","15,312.50",,0.00%
9/19/2024,"15,230.00","15,345.00","15,357.50","15,232.50",,-0.65%
9/20/2024,"15,145.00","15,130.00","15,152.50","15,070.00",,-0.56%
9/23/2024,"15,195.00","15,145.00","15,212.50","15,137.50",,0.33%
9/24/2024,"15,180.00","15,195.00","15,212.50","15,172.50",,-0.10%
9/25/2024,"15,095.00","15,115.00","15,127.50","15,065.00",,-0.56%
9/26/2024,"15,160.00","15,130.00","15,187.50","15,122.50",,0.43%
9/27/2024,"15,120.00","15,100.00","15,160.00","15,082.50",,-0.26%
9/30/2024,"15,135.00","15,125.00","15,192.50","15,109.00",,0.10%
10/1/2024,"15,195.00","15,175.00","15,212.50","15,167.50",,0.40%
10/2/2024,"15,260.00","15,200.00","15,285.00","15,200.00",,0.43%
10/3/2024,"15,415.00","15,327.50","15,437.50","15,305.00",,1.02%
10/4/2024,"15,480.00","15,495.00","15,532.50","15,467.50",,0.42%
10/7/2024,"15,675.00","15,625.00","15,700.00","15,625.00",,1.26%
10/8/2024,"15,640.00","15,685.00","15,701.50","15,625.00",,-0.22%
10/9/2024,"15,615.00","15,625.00","15,640.00","15,580.00",,-0.16%
10/10/2024,"15,660.00","15,655.00","15,677.50","15,632.50",,0.29%
10/11/2024,"15,575.00","15,665.00","15,672.50","15,577.50",,-0.54%
10/14/2024,"15,555.00","15,590.00","15,615.00","15,557.50",,-0.13%
10/15/2024,"15,575.00","15,555.00","15,584.00","15,532.50",,0.13%
10/16/2024,"15,505.00","15,545.00","15,561.00","15,507.50",,-0.45%
10/17/2024,"15,490.00","15,545.00","15,555.00","15,485.00",,-0.10%
10/18/2024,"15,460.00","15,515.00","15,522.50","15,443.50",,-0.19%
10/21/2024,"15,490.00","15,460.00","15,502.50","15,425.00",,0.19%
10/22/2024,"15,555.00","15,530.00","15,575.00","15,527.50",,0.42%
10/23/2024,"15,615.00","15,595.00","15,636.00","15,586.00",,0.39%
10/24/2024,"15,575.00","15,640.00","15,650.00","15,580.00",,-0.26%
10/25/2024,"15,635.00","15,602.50","15,643.50","15,592.50",,0.39%
10/28/2024,"15,720.00","15,695.00","15,740.00","15,687.50",,0.54%
10/29/2024,"15,755.00","15,737.50","15,778.50","15,730.00",,0.22%
10/30/2024,"15,690.00","15,752.50","15,755.00","15,695.00",,-0.41%
10/31/2024,"15,690.00","15,700.00","15,715.00","15,680.00",,0.00%
11/1/2024,"15,715.00","15,705.00","15,732.50","15,698.50",,0.16%
11/4/2024,"15,750.00","15,735.00","15,776.00","15,717.50",,0.22%
11/5/2024,"15,730.00","15,780.00","15,795.00","15,725.00",,-0.13%
11/6/2024,"15,825.00","15,787.50","15,862.50","15,787.50",,0.60%
11/7/2024,"15,730.00","15,815.00","15,830.00","15,735.00",,-0.60%
11/8/2024,"15,665.00","15,625.00","15,697.50","15,617.50",,-0.41%
11/11/2024,"15,675.00","15,640.00","15,691.00","15,632.50",,0.06%
11/12/2024,"15,775.00","15,745.00","15,798.50","15,732.50",,0.64%
11/13/2024,"15,770.00","15,765.00","15,797.50","15,752.50",,-0.03%
11/14/2024,"15,850.00","15,820.00","15,892.50","15,817.50",,0.51%
11/15/2024,"15,850.00","15,915.00","15,967.50","15,855.00",,0.00%
11/18/2024,"15,845.00","15,865.00","15,877.50","15,830.00",,-0.03%
11/19/2024,"15,825.00","15,810.00","15,837.50","15,790.00",,-0.13%
11/20/2024,"15,860.00","15,845.00","15,875.00","15,830.00",,0.22%
11/21/2024,"15,920.00","15,905.00","15,956.50","15,900.00",,0.38%
11/22/2024,"15,870.00","15,930.00","15,937.50","15,875.00",,-0.31%
11/25/2024,"15,865.00","15,880.00","15,887.50","15,846.50",,-0.03%
11/26/2024,"15,925.00","15,912.50","15,939.50","15,895.00",,0.38%
11/27/2024,"15,925.00","15,925.00","15,925.00","15,925.00",,0.00%
11/28/2024,"15,865.00","15,875.00","15,891.50","15,840.00",,-0.38%
11/29/2024,"15,840.00","15,865.00","15,877.50","15,835.00",,-0.16%
12/2/2024,"15,895.00","15,870.00","15,917.50","15,865.00",,0.35%
12/3/2024,"15,935.00","15,925.00","15,964.00","15,920.00",,0.25%
12/4/2024,"15,925.00","15,955.00","15,977.50","15,925.00",,-0.06%
12/5/2024,"15,855.00","15,912.50","15,927.50","15,859.50",,-0.44%
12/6/2024,"15,845.00","15,860.00","15,862.50","15,832.50",,-0.06%
12/9/2024,"15,860.00","15,855.00","15,877.50","15,832.50",,0.09%
12/10/2024,"15,860.00","15,855.00","15,883.50","15,847.50",,0.00%
12/11/2024,"15,910.00","15,880.00","15,922.50","15,877.00",,0.32%
12/12/2024,"15,920.00","15,940.00","15,955.00","15,925.00",,0.06%
12/13/2024,"15,990.00","15,965.00","16,002.50","15,955.00",,0.44%
12/16/2024,"15,995.00","16,005.00","16,029.00","15,992.50",,0.03%
12/17/2024,"16,060.00","16,020.00","16,071.50","16,012.50",,0.41%
12/18/2024,"16,085.00","16,102.50","16,122.50","16,078.50",,0.16%
12/19/2024,"16,285.00","16,205.00","16,305.00","16,185.00",,1.24%
12/20/2024,"16,190.00","16,315.00","16,322.50","16,192.00",,-0.58%
12/23/2024,"16,170.00","16,182.50","16,197.50","16,125.00",,-0.12%
12/24/2024,"16,185.00","16,155.00","16,220.00","16,155.00",,0.09%
12/25/2024,"16,185.00","16,185.00","16,185.00","16,185.00",,0.00%
12/26/2024,"16,185.00","16,185.00","16,185.00","16,185.00",,0.00%
12/27/2024,"16,230.00","16,207.50","16,260.00","16,205.00",,0.28%
12/30/2024,"16,130.00","16,175.00","16,195.00","16,127.50",,-0.62%
12/31/2024,"16,090.00","16,090.00","16,172.50","16,070.00",,-0.25%
